#
# A fatal error has been detected by the Java Runtime Environment:
#
#  EXCEPTION_ACCESS_VIOLATION (0xc0000005) at pc=0x00007ffeecf09a26, pid=7208, tid=10980
#
# JRE version: OpenJDK Runtime Environment (21.0.4) (build 21.0.4+-12508038-b607.1)
# Java VM: OpenJDK 64-Bit Server VM (21.0.4+-12508038-b607.1, mixed mode, tiered, compressed oops, compressed class ptrs, g1 gc, windows-amd64)
# Problematic frame:
# V  [jvm.dll+0x139a26]
#
# No core dump will be written. Minidumps are not enabled by default on client versions of Windows
#
# If you would like to submit a bug report, please visit:
#   https://youtrack.jetbrains.com/issues/JBR
#

---------------  S U M M A R Y ------------

Command Line: --add-opens=java.base/java.util=ALL-UNNAMED --add-opens=java.base/java.lang=ALL-UNNAMED --add-opens=java.base/java.lang.invoke=ALL-UNNAMED --add-opens=java.prefs/java.util.prefs=ALL-UNNAMED --add-exports=jdk.compiler/com.sun.tools.javac.api=ALL-UNNAMED --add-exports=jdk.compiler/com.sun.tools.javac.util=ALL-UNNAMED --add-opens=java.base/java.nio.charset=ALL-UNNAMED --add-opens=java.base/java.net=ALL-UNNAMED --add-opens=java.base/java.util.concurrent.atomic=ALL-UNNAMED -Xmx2048m -Dfile.encoding=UTF-8 -Duser.country=IN -Duser.language=en -Duser.variant -javaagent:C:\Users\user\.gradle\wrapper\dists\gradle-8.10.2-bin\a04bxjujx95o3nb99gddekhwo\gradle-8.10.2\lib\agents\gradle-instrumentation-agent-8.10.2.jar org.gradle.launcher.daemon.bootstrap.GradleDaemon 8.10.2

Host: Intel(R) Core(TM)2 Duo CPU     E7500  @ 2.93GHz, 2 cores, 3G,  Windows 10 , 64 bit Build 18362 (10.0.18362.329)
Time: Tue Apr  1 17:52:26 2025 India Standard Time elapsed time: 516.041413 seconds (0d 0h 8m 36s)

---------------  T H R E A D  ---------------

Current thread (0x000001cb0bd60250):  WorkerThread "G1 Conc#0"      [id=10980, stack(0x0000002a03500000,0x0000002a03600000) (1024K)]

Stack: [0x0000002a03500000,0x0000002a03600000],  sp=0x0000002a035ff708,  free space=1021k
Native frames: (J=compiled Java code, j=interpreted, Vv=VM code, C=native code)
V  [jvm.dll+0x139a26]


siginfo: EXCEPTION_ACCESS_VIOLATION (0xc0000005), reading address 0x0000000000000050


Registers:
RAX=0x0000000002200000, RBX=0x000001cb0bd60d01, RCX=0x00000000899e1f40, RDX=0x00000000899e1f40
RSP=0x0000002a035ff708, RBP=0x0000000000000000, RSI=0x000001cb09d1e4e0, RDI=0x00000000899e1f40
R8 =0x0000000000000048, R9 =0x0000000000000099, R10=0x000001cb0bd101a0, R11=0x0000000000000003
R12=0x0000000000000000, R13=0xaaaaaaaaaaaaaaab, R14=0x0000000100350838, R15=0x0000000089961f30
RIP=0x00007ffeecf09a26, EFLAGS=0x0000000000010206


Register to memory mapping:

RAX=0x0000000002200000 is an unknown value
RBX=0x000001cb0bd60d01 points into unknown readable memory: 00 00 00 00 00 00 00
RCX=0x00000000899e1f40 is pointing into object: org.gradle.internal.model.CalculatedValueContainer 
{0x00000000899e1f30} - klass: 'org/gradle/internal/model/CalculatedValueContainer'
 - ---- fields (total size 3 words):
 - private final 'displayName' 'Lorg/gradle/internal/DisplayName;' @12  a 'org/gradle/internal/component/external/model/DefaultModuleComponentIdentifier'{0x00000000899cf910} (0x899cf910)
 - private volatile 'calculationState' 'Lorg/gradle/internal/model/CalculatedValueContainer$CalculationState;' @16  null (0x00000000)
 - private volatile 'result' 'Lorg/gradle/internal/Try;' @20  a 'org/gradle/internal/Try$Success'{0x00000000899e1f48} (0x899e1f48)
RDX=0x00000000899e1f40 is pointing into object: org.gradle.internal.model.CalculatedValueContainer 
{0x00000000899e1f30} - klass: 'org/gradle/internal/model/CalculatedValueContainer'
 - ---- fields (total size 3 words):
 - private final 'displayName' 'Lorg/gradle/internal/DisplayName;' @12  a 'org/gradle/internal/component/external/model/DefaultModuleComponentIdentifier'{0x00000000899cf910} (0x899cf910)
 - private volatile 'calculationState' 'Lorg/gradle/internal/model/CalculatedValueContainer$CalculationState;' @16  null (0x00000000)
 - private volatile 'result' 'Lorg/gradle/internal/Try;' @20  a 'org/gradle/internal/Try$Success'{0x00000000899e1f48} (0x899e1f48)
RSP=0x0000002a035ff708 points into unknown readable memory: 0x00007ffeed0e697a | 7a 69 0e ed fe 7f 00 00
RBP=0x0 is null
RSI=0x000001cb09d1e4e0 points into unknown readable memory: 0x000001cb0bd5f930 | 30 f9 d5 0b cb 01 00 00
RDI=0x00000000899e1f40 is pointing into object: org.gradle.internal.model.CalculatedValueContainer 
{0x00000000899e1f30} - klass: 'org/gradle/internal/model/CalculatedValueContainer'
 - ---- fields (total size 3 words):
 - private final 'displayName' 'Lorg/gradle/internal/DisplayName;' @12  a 'org/gradle/internal/component/external/model/DefaultModuleComponentIdentifier'{0x00000000899cf910} (0x899cf910)
 - private volatile 'calculationState' 'Lorg/gradle/internal/model/CalculatedValueContainer$CalculationState;' @16  null (0x00000000)
 - private volatile 'result' 'Lorg/gradle/internal/Try;' @20  a 'org/gradle/internal/Try$Success'{0x00000000899e1f48} (0x899e1f48)
R8 =0x0000000000000048 is an unknown value
R9 =0x0000000000000099 is an unknown value
R10=0x000001cb0bd101a0 points into unknown readable memory: 0x00007ffeed733330 | 30 33 73 ed fe 7f 00 00
R11=0x0000000000000003 is an unknown value
R12=0x0 is null
R13=0xaaaaaaaaaaaaaaab is an unknown value
R14=0x0000000100350838 is a pointer to class: 
org.gradle.internal.snapshot.impl.AbstractValueProcessor {0x0000000100350840}
 - instance size:     2
 - klass size:        69
 - access:            synchronized abstract 
 - flags:             rewritten has_nonstatic_fields should_verify_class has_localvariable_table 
 - state:             fully_initialized
 - name:              'org/gradle/internal/snapshot/impl/AbstractValueProcessor'
 - super:             'java/lang/Object'
 - sub:               'org/gradle/internal/snapshot/impl/DefaultValueSnapshotter'   'org/gradle/internal/snapshot/impl/DefaultIsolatableFactory'   
 - arrays:            null
 - methods:           Array<T>(0x000001cb24741bf0)
 - method ordering:   Array<T>(0x000001cb23000018)
 - default_methods:   Array<T>(0x0000000000000000)
 - local interfaces:  Array<T>(0x000001cb23000058)
 - trans. interfaces: Array<T>(0x000001cb23000058)
 - constants:         constant pool [459] {0x000001cb24740c10} for 'org/gradle/internal/snapshot/impl/AbstractValueProcessor' cache=0x000001cb24743380
 - class loader data:  loader data: 0x000001cb22cc21f0 for instance a 'org/gradle/internal/classloader/VisitableURLClassLoader'{0x00000000808918c0}
 - source file:       'AbstractValueProcessor.java'
 - class annotations:       Array<T>(0x0000000000000000)
 - class type annotations:  Array<T>(0x0000000000000000)
 - field annotations:       Array<T>(0x0000000000000000)
 - field type annotations:  Array<T>(0x0000000000000000)
 - inner classes:     Array<T>(0x000001cb24742fa8)
 - nest members:     Array<T>(0x000001cb23000028)
 - permitted subclasses:     Array<T>(0x000001cb23000028)
 - java mirror:       a 'java/lang/Class'{0x0000000080c862b8} = 'org/gradle/internal/snapshot/impl/AbstractValueProcessor'
 - vtable length      6  (start addr: 0x0000000100350a18)
 - itable length      2 (start addr: 0x0000000100350a48)
 - ---- static fields (0 words):
 - ---- non-static fields (1 words):
 - private final 'valueSnapshotterSerializerRegistryList' 'Ljava/util/List;' @12 
 - non-static oop maps: 12-12 
R15=0x0000000089961f30 is an oop: com.google.common.cache.LocalCache$StrongValueReference 
{0x0000000089961f30} - klass: 'com/google/common/cache/LocalCache$StrongValueReference'
 - ---- fields (total size 2 words):
 - final 'referent' 'Ljava/lang/Object;' @12  
[error occurred during error reporting (printing register info), id 0xc0000005, EXCEPTION_ACCESS_VIOLATION (0xc0000005) at pc=0x00007ffeed4897f6]

Top of Stack: (sp=0x0000002a035ff708)
0x0000002a035ff708:   00007ffeed0e697a 0000000089895b28
0x0000002a035ff718:   00007ffeed0e674f 000001cb0bd60dd0
0x0000002a035ff728:   0000002a035ff8e0 00000000899e1f40
0x0000002a035ff738:   00007ffeed0e674f 000001cb0bd60dd0
0x0000002a035ff748:   0000002a035ff8e0 0000000100350830
0x0000002a035ff758:   00007ffeed4971bc 0000000089961f40
0x0000002a035ff768:   00007ffeed0e40cd 0000000089961f3c
0x0000002a035ff778:   0000000000000000 0000000089895b10
0x0000002a035ff788:   00007ffeed0e3d12 0000002a035ff8a0
0x0000002a035ff798:   0000000000000001 0000000089961f30
0x0000002a035ff7a8:   00007ffeed0e3d12 0000000100350588
0x0000002a035ff7b8:   0000000000000002 0000002a035ff8e0
0x0000002a035ff7c8:   0000000000000040 000001cb0bd60dd0
0x0000002a035ff7d8:   00007ffeed103800 0000000089961f30
0x0000002a035ff7e8:   000001cb09d1e4f0 0000002a035ff8a0
0x0000002a035ff7f8:   000001cb09d1e4f0 0000000089961f30
0x0000002a035ff808:   00007ffeed100051 000000000132c3e6
0x0000002a035ff818:   0000000000000000 0000000089895b10
0x0000002a035ff828:   00007ffeed1014ea 0000000001340000
0x0000002a035ff838:   00007ffeed101bdc 0000000089961f00
0x0000002a035ff848:   000000000132c3e6 0000000001f97288
0x0000002a035ff858:   00000000000e4e1c 0000000000000000
0x0000002a035ff868:   0000000000000001 000001cb0bd60dd0
0x0000002a035ff878:   00007ffeed100923 0000000000000555
0x0000002a035ff888:   0000000000000000 0000002a034ff701
0x0000002a035ff898:   0000000000000000 000001cb09d1e4e0
0x0000002a035ff8a8:   000001cb0bd60dd0 0000000089900000
0x0000002a035ff8b8:   0000000000020000 0000000089900000
0x0000002a035ff8c8:   0000000000020000 0000000000000000
0x0000002a035ff8d8:   0000000001dcd650 00007ffeed734cc8
0x0000002a035ff8e8:   000001cb22614db0 0000002a00000003
0x0000002a035ff8f8:   000001cb0bd101a0 000001cb0bd60dd0 

Instructions: (pc=0x00007ffeecf09a26)
0x00007ffeecf09926:   4c 63 c0 41 8b c1 48 c1 f8 10 48 63 14 19 41 8b
0x00007ffeecf09936:   c9 83 e1 3f 48 d3 e2 0f b6 c8 49 8d 04 10 49 f7
0x00007ffeecf09946:   d0 48 03 c8 49 c1 e8 03 48 c1 e9 03 49 23 c8 eb
0x00007ffeecf09956:   12 49 8b 00 48 8b d3 49 8b c8 ff 90 00 01 00 00
0x00007ffeecf09966:   48 8b c8 48 89 1f 48 8b c7 48 8b 5c 24 30 48 89
0x00007ffeecf09976:   4f 08 48 83 c4 20 5f c3 cc cc 0f b6 05 89 28 9f
0x00007ffeecf09986:   00 48 8b d1 84 c0 74 16 44 8b 41 08 8b 0d 80 15
0x00007ffeecf09996:   9f 00 49 d3 e0 4c 03 05 6e 15 9f 00 eb 04 4c 8b
0x00007ffeecf099a6:   41 08 45 8b 48 08 45 85 c9 7e 0e 41 f6 c1 01 75
0x00007ffeecf099b6:   53 41 c1 f9 03 49 63 c1 c3 79 49 84 c0 41 b8 0c
0x00007ffeecf099c6:   00 00 00 8b 05 39 26 9f 00 b9 10 00 00 00 41 0f
0x00007ffeecf099d6:   45 c8 ff c8 4c 63 c0 41 8b c1 48 c1 f8 10 0f b6
0x00007ffeecf099e6:   c0 48 63 14 11 41 8b c9 83 e1 3f 48 d3 e2 49 8d
0x00007ffeecf099f6:   0c 10 49 f7 d0 48 03 c1 49 c1 e8 03 48 c1 e8 03
0x00007ffeecf09a06:   49 23 c0 c3 49 8b 00 49 8b c8 48 ff a0 00 01 00
0x00007ffeecf09a16:   00 cc cc cc cc cc cc cc cc cc 4c 8b c2 48 8b d1
0x00007ffeecf09a26:   45 8b 48 08 45 85 c9 7e 0e 41 f6 c1 01 75 56 41
0x00007ffeecf09a36:   c1 f9 03 49 63 c1 c3 79 4c 80 3d ca 27 9f 00 00
0x00007ffeecf09a46:   b8 0c 00 00 00 b9 10 00 00 00 0f 45 c8 8b 05 af
0x00007ffeecf09a56:   25 9f 00 ff c8 4c 63 c0 41 8b c1 48 c1 f8 10 48
0x00007ffeecf09a66:   63 14 11 41 8b c9 83 e1 3f 0f b6 c0 48 d3 e2 49
0x00007ffeecf09a76:   8d 0c 10 49 f7 d0 48 03 c1 49 c1 e8 03 48 c1 e8
0x00007ffeecf09a86:   03 49 23 c0 c3 49 8b 00 49 8b c8 48 ff a0 00 01
0x00007ffeecf09a96:   00 00 cc cc cc cc cc cc cc cc 40 53 48 83 ec 20
0x00007ffeecf09aa6:   48 8b d9 49 8b c0 33 c9 45 0f b6 c1 48 89 0b 48
0x00007ffeecf09ab6:   89 4b 08 48 8b cb 48 89 53 10 48 8b d0 e8 28 09
0x00007ffeecf09ac6:   00 00 48 8b c3 48 83 c4 20 5b c3 cc cc cc cc cc
0x00007ffeecf09ad6:   cc cc cc cc cc cc cc cc cc cc 40 53 48 83 ec 20
0x00007ffeecf09ae6:   33 c0 44 88 41 10 45 0f b6 c1 48 89 01 48 89 41
0x00007ffeecf09af6:   08 48 8b d9 e8 01 0a 00 00 48 8b c3 48 83 c4 20
0x00007ffeecf09b06:   5b c3 cc cc cc cc cc cc cc cc 40 53 48 83 ec 20
0x00007ffeecf09b16:   33 c0 48 8b d9 48 89 01 48 89 41 08 e8 99 0b 00 


Stack slot to memory mapping:

stack at sp + 0 slots: 0x00007ffeed0e697a jvm.dll
stack at sp + 1 slots: 0x0000000089895b28 is an oop: [B 
{0x0000000089895b28} - klass: {type array byte}
 - length: 264
stack at sp + 2 slots: 0x00007ffeed0e674f jvm.dll
stack at sp + 3 slots: 0x000001cb0bd60dd0 points into unknown readable memory: 0x00007ffeed734ca8 | a8 4c 73 ed fe 7f 00 00
stack at sp + 4 slots: 0x0000002a035ff8e0 points into unknown readable memory: 0x00007ffeed734cc8 | c8 4c 73 ed fe 7f 00 00
stack at sp + 5 slots: 0x00000000899e1f40 is pointing into object: org.gradle.internal.model.CalculatedValueContainer 
{0x00000000899e1f30} - klass: 'org/gradle/internal/model/CalculatedValueContainer'
 - ---- fields (total size 3 words):
 - private final 'displayName' 'Lorg/gradle/internal/DisplayName;' @12  a 'org/gradle/internal/component/external/model/DefaultModuleComponentIdentifier'{0x00000000899cf910} (0x899cf910)
 - private volatile 'calculationState' 'Lorg/gradle/internal/model/CalculatedValueContainer$CalculationState;' @16  null (0x00000000)
 - private volatile 'result' 'Lorg/gradle/internal/Try;' @20  a 'org/gradle/internal/Try$Success'{0x00000000899e1f48} (0x899e1f48)
stack at sp + 6 slots: 0x00007ffeed0e674f jvm.dll
stack at sp + 7 slots: 0x000001cb0bd60dd0 points into unknown readable memory: 0x00007ffeed734ca8 | a8 4c 73 ed fe 7f 00 00


---------------  P R O C E S S  ---------------

Threads class SMR info:
_java_thread_list=0x000001cb3165ed20, length=45, elements={
0x000001cb09c54940, 0x000001cb226a1fb0, 0x000001cb226a7490, 0x000001cb228d8330,
0x000001cb228d9da0, 0x000001cb228da800, 0x000001cb228db260, 0x000001cb228dd000,
0x000001cb226ac6f0, 0x000001cb22a29030, 0x000001cb22bccce0, 0x000001cb28ba6420,
0x000001cb27aa9f70, 0x000001cb279ac7d0, 0x000001cb27065550, 0x000001cb27065be0,
0x000001cb270641a0, 0x000001cb291ae270, 0x000001cb291b2aa0, 0x000001cb291b2410,
0x000001cb291b3e50, 0x000001cb291b5890, 0x000001cb2af0fbd0, 0x000001cb315bc3a0,
0x000001cb315bfeb0, 0x000001cb315ba960, 0x000001cb315bf190, 0x000001cb315bd750,
0x000001cb315baff0, 0x000001cb315bdde0, 0x000001cb315bb680, 0x000001cb315c0540,
0x000001cb315beb00, 0x000001cb315bca30, 0x000001cb315bd0c0, 0x000001cb315b95b0,
0x000001cb315bf820, 0x000001cb315b9c40, 0x000001cb315bbd10, 0x000001cb315be470,
0x000001cb2c770060, 0x000001cb2c774890, 0x000001cb2c770d80, 0x000001cb2c771410,
0x000001cb2c7727c0
}

Java Threads: ( => current thread )
  0x000001cb09c54940 JavaThread "main"                              [_thread_blocked, id=5152, stack(0x0000002a03200000,0x0000002a03300000) (1024K)]
  0x000001cb226a1fb0 JavaThread "Reference Handler"          daemon [_thread_blocked, id=11056, stack(0x0000002a03a00000,0x0000002a03b00000) (1024K)]
  0x000001cb226a7490 JavaThread "Finalizer"                  daemon [_thread_blocked, id=7652, stack(0x0000002a03b00000,0x0000002a03c00000) (1024K)]
  0x000001cb228d8330 JavaThread "Signal Dispatcher"          daemon [_thread_blocked, id=10368, stack(0x0000002a03c00000,0x0000002a03d00000) (1024K)]
  0x000001cb228d9da0 JavaThread "Attach Listener"            daemon [_thread_blocked, id=10436, stack(0x0000002a03d00000,0x0000002a03e00000) (1024K)]
  0x000001cb228da800 JavaThread "Service Thread"             daemon [_thread_blocked, id=10180, stack(0x0000002a03e00000,0x0000002a03f00000) (1024K)]
  0x000001cb228db260 JavaThread "Monitor Deflation Thread"   daemon [_thread_blocked, id=10712, stack(0x0000002a03f00000,0x0000002a04000000) (1024K)]
  0x000001cb228dd000 JavaThread "C2 CompilerThread0"         daemon [_thread_in_native, id=4752, stack(0x0000002a04000000,0x0000002a04100000) (1024K)]
  0x000001cb226ac6f0 JavaThread "C1 CompilerThread0"         daemon [_thread_blocked, id=1552, stack(0x0000002a04100000,0x0000002a04200000) (1024K)]
  0x000001cb22a29030 JavaThread "Common-Cleaner"             daemon [_thread_blocked, id=9912, stack(0x0000002a04200000,0x0000002a04300000) (1024K)]
  0x000001cb22bccce0 JavaThread "Notification Thread"        daemon [_thread_blocked, id=2100, stack(0x0000002a04300000,0x0000002a04400000) (1024K)]
  0x000001cb28ba6420 JavaThread "Daemon health stats"               [_thread_blocked, id=6904, stack(0x0000002a04500000,0x0000002a04600000) (1024K)]
  0x000001cb27aa9f70 JavaThread "Incoming local TCP Connector on port 50218"        [_thread_in_native, id=11248, stack(0x0000002a04600000,0x0000002a04700000) (1024K)]
  0x000001cb279ac7d0 JavaThread "Daemon periodic checks"            [_thread_blocked, id=9608, stack(0x0000002a04700000,0x0000002a04800000) (1024K)]
  0x000001cb27065550 JavaThread "Cache worker for journal cache (C:\Users\user\.gradle\caches\journal-1)"        [_thread_blocked, id=2204, stack(0x0000002a04f00000,0x0000002a05000000) (1024K)]
  0x000001cb27065be0 JavaThread "File lock request listener"        [_thread_in_native, id=8776, stack(0x0000002a05000000,0x0000002a05100000) (1024K)]
  0x000001cb270641a0 JavaThread "Cache worker for file hash cache (C:\Users\user\.gradle\caches\8.10.2\fileHashes)"        [_thread_blocked, id=2180, stack(0x0000002a05100000,0x0000002a05200000) (1024K)]
  0x000001cb291ae270 JavaThread "File watcher server"        daemon [_thread_in_native, id=936, stack(0x0000002a05400000,0x0000002a05500000) (1024K)]
  0x000001cb291b2aa0 JavaThread "File watcher consumer"      daemon [_thread_blocked, id=1708, stack(0x0000002a05500000,0x0000002a05600000) (1024K)]
  0x000001cb291b2410 JavaThread "jar transforms"                    [_thread_blocked, id=4068, stack(0x0000002a05600000,0x0000002a05700000) (1024K)]
  0x000001cb291b3e50 JavaThread "jar transforms Thread 2"           [_thread_blocked, id=5952, stack(0x0000002a05700000,0x0000002a05800000) (1024K)]
  0x000001cb291b5890 JavaThread "Cache worker for file content cache (C:\Users\user\.gradle\caches\8.10.2\fileContent)"        [_thread_blocked, id=8724, stack(0x0000002a05900000,0x0000002a05a00000) (1024K)]
  0x000001cb2af0fbd0 JavaThread "Memory manager"                    [_thread_blocked, id=8448, stack(0x0000002a06300000,0x0000002a06400000) (1024K)]
  0x000001cb315bc3a0 JavaThread "Daemon Thread 2"                   [_thread_blocked, id=2456, stack(0x0000002a03000000,0x0000002a03100000) (1024K)]
  0x000001cb315bfeb0 JavaThread "Handler for socket connection from /127.0.0.1:50218 to /127.0.0.1:50367"        [_thread_in_native, id=8756, stack(0x0000002a03100000,0x0000002a03200000) (1024K)]
  0x000001cb315ba960 JavaThread "Cancel handler"                    [_thread_blocked, id=7604, stack(0x0000002a04800000,0x0000002a04900000) (1024K)]
  0x000001cb315bf190 JavaThread "Daemon worker Thread 2"            [_thread_blocked, id=7576, stack(0x0000002a04900000,0x0000002a04a00000) (1024K)]
  0x000001cb315bd750 JavaThread "Asynchronous log dispatcher for DefaultDaemonConnection: socket connection from /127.0.0.1:50218 to /127.0.0.1:50367"        [_thread_blocked, id=6212, stack(0x0000002a04a00000,0x0000002a04b00000) (1024K)]
  0x000001cb315baff0 JavaThread "Stdin handler"                     [_thread_blocked, id=9392, stack(0x0000002a04b00000,0x0000002a04c00000) (1024K)]
  0x000001cb315bdde0 JavaThread "Daemon client event forwarder"        [_thread_blocked, id=4436, stack(0x0000002a04c00000,0x0000002a04d00000) (1024K)]
  0x000001cb315bb680 JavaThread "Cache worker for file hash cache (C:\Users\user\AndroidStudioProjects\Project\.gradle\8.10.2\fileHashes)"        [_thread_blocked, id=8072, stack(0x0000002a04d00000,0x0000002a04e00000) (1024K)]
  0x000001cb315c0540 JavaThread "Cache worker for Build Output Cleanup Cache (C:\Users\user\AndroidStudioProjects\Project\.gradle\buildOutputCleanup)"        [_thread_blocked, id=9636, stack(0x0000002a04e00000,0x0000002a04f00000) (1024K)]
  0x000001cb315beb00 JavaThread "Cache worker for checksums cache (C:\Users\user\AndroidStudioProjects\Project\.gradle\8.10.2\checksums)"        [_thread_blocked, id=5940, stack(0x0000002a05200000,0x0000002a05300000) (1024K)]
  0x000001cb315bca30 JavaThread "Cache worker for cache directory md-rule (C:\Users\user\.gradle\caches\8.10.2\md-rule)"        [_thread_blocked, id=5900, stack(0x0000002a05300000,0x0000002a05400000) (1024K)]
  0x000001cb315bd0c0 JavaThread "Cache worker for cache directory md-supplier (C:\Users\user\.gradle\caches\8.10.2\md-supplier)"        [_thread_blocked, id=9508, stack(0x0000002a05800000,0x0000002a05900000) (1024K)]
  0x000001cb315b95b0 JavaThread "Unconstrained build operations"        [_thread_blocked, id=8052, stack(0x0000002a05a00000,0x0000002a05b00000) (1024K)]
  0x000001cb315bf820 JavaThread "Unconstrained build operations Thread 2"        [_thread_blocked, id=9176, stack(0x0000002a05b00000,0x0000002a05c00000) (1024K)]
  0x000001cb315b9c40 JavaThread "build event listener"              [_thread_blocked, id=6060, stack(0x0000002a05c00000,0x0000002a05d00000) (1024K)]
  0x000001cb315bbd10 JavaThread "included builds"                   [_thread_blocked, id=4968, stack(0x0000002a05d00000,0x0000002a05e00000) (1024K)]
  0x000001cb315be470 JavaThread "Execution worker"                  [_thread_blocked, id=6984, stack(0x0000002a05e00000,0x0000002a05f00000) (1024K)]
  0x000001cb2c770060 JavaThread "Cache worker for execution history cache (C:\Users\user\AndroidStudioProjects\Project\.gradle\8.10.2\executionHistory)"        [_thread_blocked, id=10908, stack(0x0000002a05f00000,0x0000002a06000000) (1024K)]
  0x000001cb2c774890 JavaThread "WorkerExecutor Queue"              [_thread_blocked, id=10024, stack(0x0000002a06000000,0x0000002a06100000) (1024K)]
  0x000001cb2c770d80 JavaThread "Unconstrained build operations Thread 3"        [_thread_blocked, id=6304, stack(0x0000002a06100000,0x0000002a06200000) (1024K)]
  0x000001cb2c771410 JavaThread "WorkerExecutor Queue Thread 2"        [_thread_blocked, id=8180, stack(0x0000002a06200000,0x0000002a06300000) (1024K)]
  0x000001cb2c7727c0 JavaThread "Unconstrained build operations Thread 4"        [_thread_blocked, id=5036, stack(0x0000002a06400000,0x0000002a06500000) (1024K)]
Total: 45

Other Threads:
  0x000001cb22663070 VMThread "VM Thread"                           [id=7244, stack(0x0000002a03900000,0x0000002a03a00000) (1024K)]
  0x000001cb0bdbea40 WatcherThread "VM Periodic Task Thread"        [id=10836, stack(0x0000002a03800000,0x0000002a03900000) (1024K)]
  0x000001cb09d1dfe0 WorkerThread "GC Thread#0"                     [id=9196, stack(0x0000002a03300000,0x0000002a03400000) (1024K)]
  0x000001cb22cbc800 WorkerThread "GC Thread#1"                     [id=11124, stack(0x0000002a04400000,0x0000002a04500000) (1024K)]
  0x000001cb0bd5f930 ConcurrentGCThread "G1 Main Marker"            [id=3932, stack(0x0000002a03400000,0x0000002a03500000) (1024K)]
=>0x000001cb0bd60250 WorkerThread "G1 Conc#0"                       [id=10980, stack(0x0000002a03500000,0x0000002a03600000) (1024K)]
  0x000001cb0bdaeb40 ConcurrentGCThread "G1 Refine#0"               [id=6292, stack(0x0000002a03600000,0x0000002a03700000) (1024K)]
  0x000001cb0bdaf630 ConcurrentGCThread "G1 Service"                [id=10884, stack(0x0000002a03700000,0x0000002a03800000) (1024K)]
Total: 8

Threads with active compile tasks:
C2 CompilerThread0   516159 16048       4       com.sun.org.apache.xerces.internal.impl.XMLNSDocumentScannerImpl::scanStartElement (1031 bytes)
Total: 1

VM state: not at safepoint (normal execution)

VM Mutex/Monitor currently owned by a thread:  ([mutex/lock_event])
[0x00007ffeed9773f8] Heap_lock - owner thread: 0x000001cb315bbd10

Heap address: 0x0000000080000000, size: 2048 MB, Compressed Oops mode: 32-bit

CDS archive(s) not mapped
Compressed class space mapped at: 0x0000000100000000-0x0000000140000000, reserved size: 1073741824
Narrow klass base: 0x0000000000000000, Narrow klass shift: 3, Narrow klass range: 0x140000000

GC Precious Log:
 CardTable entry size: 512
 Card Set container configuration: InlinePtr #cards 5 size 8 Array Of Cards #cards 12 size 40 Howl #buckets 4 coarsen threshold 1843 Howl Bitmap #cards 512 size 80 coarsen threshold 460 Card regions per heap region 1 cards per card region 2048
 CPUs: 2 total, 2 available
 Memory: 4095M
 Large Page Support: Disabled
 NUMA Support: Disabled
 Compressed Oops: Enabled (32-bit)
 Heap Region Size: 1M
 Heap Min Capacity: 8M
 Heap Initial Capacity: 64M
 Heap Max Capacity: 2G
 Pre-touch: Disabled
 Parallel Workers: 2
 Concurrent Workers: 1
 Concurrent Refinement Workers: 2
 Periodic GC: Disabled

Heap:
 garbage-first heap   total 300032K, used 209408K [0x0000000080000000, 0x0000000100000000)
  region size 1024K, 4 young (4096K), 3 survivors (3072K)
 Metaspace       used 127082K, committed 129600K, reserved 1179648K
  class space    used 16910K, committed 18176K, reserved 1048576K

Heap Regions: E=young(eden), S=young(survivor), O=old, HS=humongous(starts), HC=humongous(continues), CS=collection set, F=free, TAMS=top-at-mark-start, PB=parsable bottom
|   0|0x0000000080000000, 0x0000000080100000, 0x0000000080100000|100%| O|  |TAMS 0x0000000080100000| PB 0x0000000080000000| Untracked 
|   1|0x0000000080100000, 0x0000000080200000, 0x0000000080200000|100%|HS|  |TAMS 0x0000000080200000| PB 0x0000000080100000| Complete 
|   2|0x0000000080200000, 0x0000000080300000, 0x0000000080300000|100%|HC|  |TAMS 0x0000000080300000| PB 0x0000000080200000| Complete 
|   3|0x0000000080300000, 0x0000000080400000, 0x0000000080400000|100%|HC|  |TAMS 0x0000000080400000| PB 0x0000000080300000| Complete 
|   4|0x0000000080400000, 0x0000000080500000, 0x0000000080500000|100%|HC|  |TAMS 0x0000000080500000| PB 0x0000000080400000| Complete 
|   5|0x0000000080500000, 0x0000000080600000, 0x0000000080600000|100%| O|  |TAMS 0x0000000080600000| PB 0x0000000080500000| Untracked 
|   6|0x0000000080600000, 0x0000000080700000, 0x0000000080700000|100%| O|  |TAMS 0x0000000080700000| PB 0x0000000080600000| Untracked 
|   7|0x0000000080700000, 0x0000000080800000, 0x0000000080800000|100%| O|  |TAMS 0x0000000080800000| PB 0x0000000080700000| Untracked 
|   8|0x0000000080800000, 0x0000000080900000, 0x0000000080900000|100%| O|  |TAMS 0x0000000080900000| PB 0x0000000080800000| Untracked 
|   9|0x0000000080900000, 0x0000000080a00000, 0x0000000080a00000|100%|HS|  |TAMS 0x0000000080a00000| PB 0x0000000080900000| Complete 
|  10|0x0000000080a00000, 0x0000000080b00000, 0x0000000080b00000|100%| O|  |TAMS 0x0000000080b00000| PB 0x0000000080a00000| Untracked 
|  11|0x0000000080b00000, 0x0000000080c00000, 0x0000000080c00000|100%| O|  |TAMS 0x0000000080c00000| PB 0x0000000080b00000| Untracked 
|  12|0x0000000080c00000, 0x0000000080d00000, 0x0000000080d00000|100%| O|  |TAMS 0x0000000080d00000| PB 0x0000000080c00000| Untracked 
|  13|0x0000000080d00000, 0x0000000080e00000, 0x0000000080e00000|100%| O|  |TAMS 0x0000000080e00000| PB 0x0000000080d00000| Untracked 
|  14|0x0000000080e00000, 0x0000000080f00000, 0x0000000080f00000|100%| O|  |TAMS 0x0000000080f00000| PB 0x0000000080e00000| Untracked 
|  15|0x0000000080f00000, 0x0000000081000000, 0x0000000081000000|100%| O|  |TAMS 0x0000000081000000| PB 0x0000000080f00000| Untracked 
|  16|0x0000000081000000, 0x0000000081100000, 0x0000000081100000|100%| O|  |TAMS 0x0000000081100000| PB 0x0000000081000000| Untracked 
|  17|0x0000000081100000, 0x0000000081200000, 0x0000000081200000|100%| O|  |TAMS 0x0000000081200000| PB 0x0000000081100000| Untracked 
|  18|0x0000000081200000, 0x0000000081300000, 0x0000000081300000|100%| O|  |TAMS 0x0000000081300000| PB 0x0000000081200000| Untracked 
|  19|0x0000000081300000, 0x0000000081400000, 0x0000000081400000|100%| O|  |TAMS 0x0000000081400000| PB 0x0000000081300000| Untracked 
|  20|0x0000000081400000, 0x0000000081500000, 0x0000000081500000|100%|HS|  |TAMS 0x0000000081500000| PB 0x0000000081400000| Complete 
|  21|0x0000000081500000, 0x0000000081600000, 0x0000000081600000|100%| O|  |TAMS 0x0000000081600000| PB 0x0000000081500000| Untracked 
|  22|0x0000000081600000, 0x0000000081700000, 0x0000000081700000|100%|HS|  |TAMS 0x0000000081700000| PB 0x0000000081600000| Complete 
|  23|0x0000000081700000, 0x0000000081800000, 0x0000000081800000|100%|HC|  |TAMS 0x0000000081800000| PB 0x0000000081700000| Complete 
|  24|0x0000000081800000, 0x0000000081900000, 0x0000000081900000|100%|HC|  |TAMS 0x0000000081900000| PB 0x0000000081800000| Complete 
|  25|0x0000000081900000, 0x0000000081a00000, 0x0000000081a00000|100%| O|  |TAMS 0x0000000081a00000| PB 0x0000000081900000| Untracked 
|  26|0x0000000081a00000, 0x0000000081b00000, 0x0000000081b00000|100%|HS|  |TAMS 0x0000000081b00000| PB 0x0000000081a00000| Complete 
|  27|0x0000000081b00000, 0x0000000081c00000, 0x0000000081c00000|100%|HC|  |TAMS 0x0000000081c00000| PB 0x0000000081b00000| Complete 
|  28|0x0000000081c00000, 0x0000000081d00000, 0x0000000081d00000|100%| O|  |TAMS 0x0000000081d00000| PB 0x0000000081c00000| Untracked 
|  29|0x0000000081d00000, 0x0000000081e00000, 0x0000000081e00000|100%| O|  |TAMS 0x0000000081e00000| PB 0x0000000081d00000| Untracked 
|  30|0x0000000081e00000, 0x0000000081f00000, 0x0000000081f00000|100%|HS|  |TAMS 0x0000000081f00000| PB 0x0000000081e00000| Complete 
|  31|0x0000000081f00000, 0x0000000082000000, 0x0000000082000000|100%| O|  |TAMS 0x0000000082000000| PB 0x0000000081f00000| Untracked 
|  32|0x0000000082000000, 0x0000000082100000, 0x0000000082100000|100%| O|  |TAMS 0x0000000082100000| PB 0x0000000082000000| Untracked 
|  33|0x0000000082100000, 0x0000000082200000, 0x0000000082200000|100%| O|  |TAMS 0x0000000082200000| PB 0x0000000082100000| Untracked 
|  34|0x0000000082200000, 0x0000000082300000, 0x0000000082300000|100%| O|  |TAMS 0x0000000082300000| PB 0x0000000082200000| Untracked 
|  35|0x0000000082300000, 0x0000000082400000, 0x0000000082400000|100%| O|  |TAMS 0x0000000082400000| PB 0x0000000082300000| Untracked 
|  36|0x0000000082400000, 0x0000000082500000, 0x0000000082500000|100%| O|  |TAMS 0x0000000082500000| PB 0x0000000082400000| Untracked 
|  37|0x0000000082500000, 0x0000000082600000, 0x0000000082600000|100%| O|  |TAMS 0x0000000082600000| PB 0x0000000082500000| Untracked 
|  38|0x0000000082600000, 0x0000000082700000, 0x0000000082700000|100%| O|  |TAMS 0x0000000082700000| PB 0x0000000082600000| Untracked 
|  39|0x0000000082700000, 0x0000000082800000, 0x0000000082800000|100%|HS|  |TAMS 0x0000000082800000| PB 0x0000000082700000| Complete 
|  40|0x0000000082800000, 0x0000000082900000, 0x0000000082900000|100%|HC|  |TAMS 0x0000000082900000| PB 0x0000000082800000| Complete 
|  41|0x0000000082900000, 0x0000000082a00000, 0x0000000082a00000|100%| O|  |TAMS 0x0000000082a00000| PB 0x0000000082900000| Untracked 
|  42|0x0000000082a00000, 0x0000000082b00000, 0x0000000082b00000|100%| O|  |TAMS 0x0000000082b00000| PB 0x0000000082a00000| Untracked 
|  43|0x0000000082b00000, 0x0000000082c00000, 0x0000000082c00000|100%| O|  |TAMS 0x0000000082c00000| PB 0x0000000082b00000| Untracked 
|  44|0x0000000082c00000, 0x0000000082d00000, 0x0000000082d00000|100%| O|  |TAMS 0x0000000082d00000| PB 0x0000000082c00000| Untracked 
|  45|0x0000000082d00000, 0x0000000082e00000, 0x0000000082e00000|100%| O|  |TAMS 0x0000000082e00000| PB 0x0000000082d00000| Untracked 
|  46|0x0000000082e00000, 0x0000000082f00000, 0x0000000082f00000|100%| O|  |TAMS 0x0000000082f00000| PB 0x0000000082e00000| Untracked 
|  47|0x0000000082f00000, 0x0000000083000000, 0x0000000083000000|100%| O|  |TAMS 0x0000000083000000| PB 0x0000000082f00000| Untracked 
|  48|0x0000000083000000, 0x0000000083100000, 0x0000000083100000|100%| O|  |TAMS 0x0000000083100000| PB 0x0000000083000000| Untracked 
|  49|0x0000000083100000, 0x0000000083200000, 0x0000000083200000|100%| O|  |TAMS 0x0000000083200000| PB 0x0000000083100000| Untracked 
|  50|0x0000000083200000, 0x0000000083300000, 0x0000000083300000|100%| O|  |TAMS 0x0000000083300000| PB 0x0000000083200000| Untracked 
|  51|0x0000000083300000, 0x0000000083400000, 0x0000000083400000|100%| O|  |TAMS 0x0000000083400000| PB 0x0000000083300000| Untracked 
|  52|0x0000000083400000, 0x0000000083500000, 0x0000000083500000|100%| O|  |TAMS 0x0000000083500000| PB 0x0000000083400000| Untracked 
|  53|0x0000000083500000, 0x0000000083600000, 0x0000000083600000|100%| O|  |TAMS 0x0000000083600000| PB 0x0000000083500000| Untracked 
|  54|0x0000000083600000, 0x0000000083700000, 0x0000000083700000|100%|HS|  |TAMS 0x0000000083700000| PB 0x0000000083600000| Complete 
|  55|0x0000000083700000, 0x0000000083800000, 0x0000000083800000|100%|HC|  |TAMS 0x0000000083800000| PB 0x0000000083700000| Complete 
|  56|0x0000000083800000, 0x0000000083900000, 0x0000000083900000|100%|HC|  |TAMS 0x0000000083900000| PB 0x0000000083800000| Complete 
|  57|0x0000000083900000, 0x0000000083a00000, 0x0000000083a00000|100%|HC|  |TAMS 0x0000000083a00000| PB 0x0000000083900000| Complete 
|  58|0x0000000083a00000, 0x0000000083b00000, 0x0000000083b00000|100%|HC|  |TAMS 0x0000000083b00000| PB 0x0000000083a00000| Complete 
|  59|0x0000000083b00000, 0x0000000083c00000, 0x0000000083c00000|100%|HC|  |TAMS 0x0000000083c00000| PB 0x0000000083b00000| Complete 
|  60|0x0000000083c00000, 0x0000000083d00000, 0x0000000083d00000|100%| O|  |TAMS 0x0000000083c00000| PB 0x0000000083c00000| Untracked 
|  61|0x0000000083d00000, 0x0000000083e00000, 0x0000000083e00000|100%| O|  |TAMS 0x0000000083d00000| PB 0x0000000083d00000| Untracked 
|  62|0x0000000083e00000, 0x0000000083f00000, 0x0000000083f00000|100%| O|  |TAMS 0x0000000083f00000| PB 0x0000000083e00000| Untracked 
|  63|0x0000000083f00000, 0x0000000084000000, 0x0000000084000000|100%| O|  |TAMS 0x0000000084000000| PB 0x0000000083f00000| Untracked 
|  64|0x0000000084000000, 0x0000000084100000, 0x0000000084100000|100%|HS|  |TAMS 0x0000000084100000| PB 0x0000000084000000| Complete 
|  65|0x0000000084100000, 0x0000000084200000, 0x0000000084200000|100%|HC|  |TAMS 0x0000000084200000| PB 0x0000000084100000| Complete 
|  66|0x0000000084200000, 0x0000000084300000, 0x0000000084300000|100%|HC|  |TAMS 0x0000000084300000| PB 0x0000000084200000| Complete 
|  67|0x0000000084300000, 0x0000000084400000, 0x0000000084400000|100%|HC|  |TAMS 0x0000000084400000| PB 0x0000000084300000| Complete 
|  68|0x0000000084400000, 0x0000000084500000, 0x0000000084500000|100%|HC|  |TAMS 0x0000000084500000| PB 0x0000000084400000| Complete 
|  69|0x0000000084500000, 0x0000000084600000, 0x0000000084600000|100%|HC|  |TAMS 0x0000000084600000| PB 0x0000000084500000| Complete 
|  70|0x0000000084600000, 0x0000000084700000, 0x0000000084700000|100%| O|  |TAMS 0x0000000084700000| PB 0x0000000084600000| Untracked 
|  71|0x0000000084700000, 0x0000000084800000, 0x0000000084800000|100%|HS|  |TAMS 0x0000000084800000| PB 0x0000000084700000| Complete 
|  72|0x0000000084800000, 0x0000000084900000, 0x0000000084900000|100%|HS|  |TAMS 0x0000000084900000| PB 0x0000000084800000| Complete 
|  73|0x0000000084900000, 0x0000000084a00000, 0x0000000084a00000|100%|HS|  |TAMS 0x0000000084a00000| PB 0x0000000084900000| Complete 
|  74|0x0000000084a00000, 0x0000000084b00000, 0x0000000084b00000|100%|HS|  |TAMS 0x0000000084b00000| PB 0x0000000084a00000| Complete 
|  75|0x0000000084b00000, 0x0000000084c00000, 0x0000000084c00000|100%|HS|  |TAMS 0x0000000084c00000| PB 0x0000000084b00000| Complete 
|  76|0x0000000084c00000, 0x0000000084d00000, 0x0000000084d00000|100%|HS|  |TAMS 0x0000000084d00000| PB 0x0000000084c00000| Complete 
|  77|0x0000000084d00000, 0x0000000084e00000, 0x0000000084e00000|100%| O|  |TAMS 0x0000000084e00000| PB 0x0000000084d00000| Untracked 
|  78|0x0000000084e00000, 0x0000000084f00000, 0x0000000084f00000|100%| O|  |TAMS 0x0000000084f00000| PB 0x0000000084e00000| Untracked 
|  79|0x0000000084f00000, 0x0000000085000000, 0x0000000085000000|100%| O|  |TAMS 0x0000000084f00000| PB 0x0000000084f00000| Untracked 
|  80|0x0000000085000000, 0x0000000085100000, 0x0000000085100000|100%| O|  |TAMS 0x0000000085100000| PB 0x0000000085000000| Untracked 
|  81|0x0000000085100000, 0x0000000085200000, 0x0000000085200000|100%| O|  |TAMS 0x0000000085200000| PB 0x0000000085100000| Untracked 
|  82|0x0000000085200000, 0x0000000085300000, 0x0000000085300000|100%| O|  |TAMS 0x0000000085300000| PB 0x0000000085200000| Untracked 
|  83|0x0000000085300000, 0x0000000085400000, 0x0000000085400000|100%| O|  |TAMS 0x0000000085400000| PB 0x0000000085300000| Untracked 
|  84|0x0000000085400000, 0x0000000085500000, 0x0000000085500000|100%| O|  |TAMS 0x0000000085500000| PB 0x0000000085400000| Untracked 
|  85|0x0000000085500000, 0x0000000085600000, 0x0000000085600000|100%| O|  |TAMS 0x0000000085600000| PB 0x0000000085500000| Untracked 
|  86|0x0000000085600000, 0x0000000085700000, 0x0000000085700000|100%| O|  |TAMS 0x0000000085700000| PB 0x0000000085600000| Untracked 
|  87|0x0000000085700000, 0x0000000085800000, 0x0000000085800000|100%| O|  |TAMS 0x0000000085800000| PB 0x0000000085700000| Untracked 
|  88|0x0000000085800000, 0x0000000085900000, 0x0000000085900000|100%|HS|  |TAMS 0x0000000085900000| PB 0x0000000085800000| Complete 
|  89|0x0000000085900000, 0x0000000085a00000, 0x0000000085a00000|100%| O|  |TAMS 0x0000000085a00000| PB 0x0000000085900000| Untracked 
|  90|0x0000000085a00000, 0x0000000085b00000, 0x0000000085b00000|100%|HS|  |TAMS 0x0000000085b00000| PB 0x0000000085a00000| Complete 
|  91|0x0000000085b00000, 0x0000000085c00000, 0x0000000085c00000|100%|HC|  |TAMS 0x0000000085c00000| PB 0x0000000085b00000| Complete 
|  92|0x0000000085c00000, 0x0000000085d00000, 0x0000000085d00000|100%|HC|  |TAMS 0x0000000085d00000| PB 0x0000000085c00000| Complete 
|  93|0x0000000085d00000, 0x0000000085e00000, 0x0000000085e00000|100%|HC|  |TAMS 0x0000000085e00000| PB 0x0000000085d00000| Complete 
|  94|0x0000000085e00000, 0x0000000085f00000, 0x0000000085f00000|100%|HC|  |TAMS 0x0000000085f00000| PB 0x0000000085e00000| Complete 
|  95|0x0000000085f00000, 0x0000000086000000, 0x0000000086000000|100%|HC|  |TAMS 0x0000000086000000| PB 0x0000000085f00000| Complete 
|  96|0x0000000086000000, 0x0000000086100000, 0x0000000086100000|100%| O|  |TAMS 0x0000000086100000| PB 0x0000000086000000| Untracked 
|  97|0x0000000086100000, 0x0000000086200000, 0x0000000086200000|100%| O|  |TAMS 0x0000000086100000| PB 0x0000000086100000| Untracked 
|  98|0x0000000086200000, 0x0000000086300000, 0x0000000086300000|100%| O|  |TAMS 0x0000000086300000| PB 0x0000000086200000| Untracked 
|  99|0x0000000086300000, 0x0000000086400000, 0x0000000086400000|100%| O|  |TAMS 0x0000000086400000| PB 0x0000000086300000| Untracked 
| 100|0x0000000086400000, 0x0000000086500000, 0x0000000086500000|100%| O|  |TAMS 0x0000000086500000| PB 0x0000000086400000| Untracked 
| 101|0x0000000086500000, 0x0000000086600000, 0x0000000086600000|100%| O|  |TAMS 0x0000000086600000| PB 0x0000000086500000| Untracked 
| 102|0x0000000086600000, 0x0000000086700000, 0x0000000086700000|100%| O|  |TAMS 0x0000000086700000| PB 0x0000000086600000| Untracked 
| 103|0x0000000086700000, 0x0000000086800000, 0x0000000086800000|100%| O|  |TAMS 0x0000000086800000| PB 0x0000000086700000| Untracked 
| 104|0x0000000086800000, 0x0000000086900000, 0x0000000086900000|100%| O|  |TAMS 0x0000000086900000| PB 0x0000000086800000| Untracked 
| 105|0x0000000086900000, 0x0000000086a00000, 0x0000000086a00000|100%| O|  |TAMS 0x0000000086a00000| PB 0x0000000086900000| Untracked 
| 106|0x0000000086a00000, 0x0000000086b00000, 0x0000000086b00000|100%| O|  |TAMS 0x0000000086b00000| PB 0x0000000086a00000| Untracked 
| 107|0x0000000086b00000, 0x0000000086c00000, 0x0000000086c00000|100%| O|  |TAMS 0x0000000086c00000| PB 0x0000000086b00000| Untracked 
| 108|0x0000000086c00000, 0x0000000086d00000, 0x0000000086d00000|100%|HS|  |TAMS 0x0000000086d00000| PB 0x0000000086c00000| Complete 
| 109|0x0000000086d00000, 0x0000000086e00000, 0x0000000086e00000|100%|HC|  |TAMS 0x0000000086e00000| PB 0x0000000086d00000| Complete 
| 110|0x0000000086e00000, 0x0000000086f00000, 0x0000000086f00000|100%|HS|  |TAMS 0x0000000086f00000| PB 0x0000000086e00000| Complete 
| 111|0x0000000086f00000, 0x0000000087000000, 0x0000000087000000|100%|HC|  |TAMS 0x0000000087000000| PB 0x0000000086f00000| Complete 
| 112|0x0000000087000000, 0x0000000087100000, 0x0000000087100000|100%|HC|  |TAMS 0x0000000087100000| PB 0x0000000087000000| Complete 
| 113|0x0000000087100000, 0x0000000087200000, 0x0000000087200000|100%|HC|  |TAMS 0x0000000087200000| PB 0x0000000087100000| Complete 
| 114|0x0000000087200000, 0x0000000087300000, 0x0000000087300000|100%|HC|  |TAMS 0x0000000087300000| PB 0x0000000087200000| Complete 
| 115|0x0000000087300000, 0x0000000087400000, 0x0000000087400000|100%|HC|  |TAMS 0x0000000087400000| PB 0x0000000087300000| Complete 
| 116|0x0000000087400000, 0x0000000087500000, 0x0000000087500000|100%|HS|  |TAMS 0x0000000087500000| PB 0x0000000087400000| Complete 
| 117|0x0000000087500000, 0x0000000087600000, 0x0000000087600000|100%|HC|  |TAMS 0x0000000087600000| PB 0x0000000087500000| Complete 
| 118|0x0000000087600000, 0x0000000087700000, 0x0000000087700000|100%|HC|  |TAMS 0x0000000087700000| PB 0x0000000087600000| Complete 
| 119|0x0000000087700000, 0x0000000087800000, 0x0000000087800000|100%|HS|  |TAMS 0x0000000087800000| PB 0x0000000087700000| Complete 
| 120|0x0000000087800000, 0x0000000087900000, 0x0000000087900000|100%|HC|  |TAMS 0x0000000087900000| PB 0x0000000087800000| Complete 
| 121|0x0000000087900000, 0x0000000087a00000, 0x0000000087a00000|100%| O|  |TAMS 0x0000000087a00000| PB 0x0000000087900000| Untracked 
| 122|0x0000000087a00000, 0x0000000087b00000, 0x0000000087b00000|100%| O|  |TAMS 0x0000000087b00000| PB 0x0000000087a00000| Untracked 
| 123|0x0000000087b00000, 0x0000000087c00000, 0x0000000087c00000|100%| O|  |TAMS 0x0000000087c00000| PB 0x0000000087b00000| Untracked 
| 124|0x0000000087c00000, 0x0000000087d00000, 0x0000000087d00000|100%| O|  |TAMS 0x0000000087d00000| PB 0x0000000087c00000| Untracked 
| 125|0x0000000087d00000, 0x0000000087e00000, 0x0000000087e00000|100%| O|  |TAMS 0x0000000087e00000| PB 0x0000000087d00000| Untracked 
| 126|0x0000000087e00000, 0x0000000087f00000, 0x0000000087f00000|100%| O|  |TAMS 0x0000000087f00000| PB 0x0000000087e00000| Untracked 
| 127|0x0000000087f00000, 0x0000000088000000, 0x0000000088000000|100%| O|  |TAMS 0x0000000088000000| PB 0x0000000087f00000| Untracked 
| 128|0x0000000088000000, 0x0000000088100000, 0x0000000088100000|100%| O|  |TAMS 0x0000000088100000| PB 0x0000000088000000| Untracked 
| 129|0x0000000088100000, 0x0000000088200000, 0x0000000088200000|100%| O|  |TAMS 0x0000000088200000| PB 0x0000000088100000| Untracked 
| 130|0x0000000088200000, 0x0000000088300000, 0x0000000088300000|100%| O|  |TAMS 0x0000000088300000| PB 0x0000000088200000| Untracked 
| 131|0x0000000088300000, 0x0000000088400000, 0x0000000088400000|100%| O|  |TAMS 0x0000000088400000| PB 0x0000000088300000| Untracked 
| 132|0x0000000088400000, 0x0000000088500000, 0x0000000088500000|100%| O|  |TAMS 0x0000000088500000| PB 0x0000000088400000| Untracked 
| 133|0x0000000088500000, 0x0000000088600000, 0x0000000088600000|100%| O|  |TAMS 0x0000000088600000| PB 0x0000000088500000| Untracked 
| 134|0x0000000088600000, 0x0000000088700000, 0x0000000088700000|100%| O|  |TAMS 0x0000000088700000| PB 0x0000000088600000| Untracked 
| 135|0x0000000088700000, 0x0000000088800000, 0x0000000088800000|100%| O|  |TAMS 0x0000000088800000| PB 0x0000000088700000| Untracked 
| 136|0x0000000088800000, 0x0000000088900000, 0x0000000088900000|100%| O|  |TAMS 0x0000000088900000| PB 0x0000000088800000| Untracked 
| 137|0x0000000088900000, 0x0000000088a00000, 0x0000000088a00000|100%| O|  |TAMS 0x0000000088a00000| PB 0x0000000088900000| Untracked 
| 138|0x0000000088a00000, 0x0000000088b00000, 0x0000000088b00000|100%| O|  |TAMS 0x0000000088b00000| PB 0x0000000088a00000| Untracked 
| 139|0x0000000088b00000, 0x0000000088c00000, 0x0000000088c00000|100%| O|  |TAMS 0x0000000088c00000| PB 0x0000000088b00000| Untracked 
| 140|0x0000000088c00000, 0x0000000088d00000, 0x0000000088d00000|100%| O|  |TAMS 0x0000000088d00000| PB 0x0000000088c00000| Untracked 
| 141|0x0000000088d00000, 0x0000000088e00000, 0x0000000088e00000|100%| O|  |TAMS 0x0000000088e00000| PB 0x0000000088d00000| Untracked 
| 142|0x0000000088e00000, 0x0000000088f00000, 0x0000000088f00000|100%| O|  |TAMS 0x0000000088f00000| PB 0x0000000088e00000| Untracked 
| 143|0x0000000088f00000, 0x0000000089000000, 0x0000000089000000|100%| O|  |TAMS 0x0000000089000000| PB 0x0000000088f00000| Untracked 
| 144|0x0000000089000000, 0x0000000089100000, 0x0000000089100000|100%| O|  |TAMS 0x0000000089100000| PB 0x0000000089000000| Untracked 
| 145|0x0000000089100000, 0x0000000089200000, 0x0000000089200000|100%| O|  |TAMS 0x0000000089200000| PB 0x0000000089100000| Untracked 
| 146|0x0000000089200000, 0x0000000089300000, 0x0000000089300000|100%| O|  |TAMS 0x0000000089300000| PB 0x0000000089200000| Untracked 
| 147|0x0000000089300000, 0x0000000089400000, 0x0000000089400000|100%| O|  |TAMS 0x0000000089400000| PB 0x0000000089300000| Untracked 
| 148|0x0000000089400000, 0x0000000089500000, 0x0000000089500000|100%| O|  |TAMS 0x0000000089500000| PB 0x0000000089400000| Untracked 
| 149|0x0000000089500000, 0x0000000089600000, 0x0000000089600000|100%| O|  |TAMS 0x0000000089600000| PB 0x0000000089500000| Untracked 
| 150|0x0000000089600000, 0x0000000089700000, 0x0000000089700000|100%| O|  |TAMS 0x0000000089700000| PB 0x0000000089600000| Untracked 
| 151|0x0000000089700000, 0x0000000089800000, 0x0000000089800000|100%| O|  |TAMS 0x0000000089800000| PB 0x0000000089700000| Untracked 
| 152|0x0000000089800000, 0x0000000089900000, 0x0000000089900000|100%| O|  |TAMS 0x0000000089900000| PB 0x0000000089800000| Untracked 
| 153|0x0000000089900000, 0x0000000089a00000, 0x0000000089a00000|100%| O|  |TAMS 0x0000000089a00000| PB 0x0000000089900000| Untracked 
| 154|0x0000000089a00000, 0x0000000089b00000, 0x0000000089b00000|100%| O|  |TAMS 0x0000000089b00000| PB 0x0000000089a00000| Untracked 
| 155|0x0000000089b00000, 0x0000000089c00000, 0x0000000089c00000|100%| O|  |TAMS 0x0000000089c00000| PB 0x0000000089b00000| Untracked 
| 156|0x0000000089c00000, 0x0000000089d00000, 0x0000000089d00000|100%| O|  |TAMS 0x0000000089d00000| PB 0x0000000089c00000| Untracked 
| 157|0x0000000089d00000, 0x0000000089e00000, 0x0000000089e00000|100%| O|  |TAMS 0x0000000089e00000| PB 0x0000000089d00000| Untracked 
| 158|0x0000000089e00000, 0x0000000089f00000, 0x0000000089f00000|100%| O|  |TAMS 0x0000000089f00000| PB 0x0000000089e00000| Untracked 
| 159|0x0000000089f00000, 0x000000008a000000, 0x000000008a000000|100%| O|  |TAMS 0x000000008a000000| PB 0x0000000089f00000| Untracked 
| 160|0x000000008a000000, 0x000000008a100000, 0x000000008a100000|100%| O|  |TAMS 0x000000008a100000| PB 0x000000008a000000| Untracked 
| 161|0x000000008a100000, 0x000000008a200000, 0x000000008a200000|100%| O|  |TAMS 0x000000008a200000| PB 0x000000008a100000| Untracked 
| 162|0x000000008a200000, 0x000000008a300000, 0x000000008a300000|100%| O|  |TAMS 0x000000008a200000| PB 0x000000008a200000| Untracked 
| 163|0x000000008a300000, 0x000000008a400000, 0x000000008a400000|100%| O|  |TAMS 0x000000008a300000| PB 0x000000008a300000| Untracked 
| 164|0x000000008a400000, 0x000000008a500000, 0x000000008a500000|100%| O|  |TAMS 0x000000008a400000| PB 0x000000008a400000| Untracked 
| 165|0x000000008a500000, 0x000000008a600000, 0x000000008a600000|100%| O|  |TAMS 0x000000008a500000| PB 0x000000008a500000| Untracked 
| 166|0x000000008a600000, 0x000000008a700000, 0x000000008a700000|100%| O|  |TAMS 0x000000008a600000| PB 0x000000008a600000| Untracked 
| 167|0x000000008a700000, 0x000000008a800000, 0x000000008a800000|100%| O|  |TAMS 0x000000008a700000| PB 0x000000008a700000| Untracked 
| 168|0x000000008a800000, 0x000000008a900000, 0x000000008a900000|100%| O|  |TAMS 0x000000008a800000| PB 0x000000008a800000| Untracked 
| 169|0x000000008a900000, 0x000000008aa00000, 0x000000008aa00000|100%| O|  |TAMS 0x000000008a900000| PB 0x000000008a900000| Untracked 
| 170|0x000000008aa00000, 0x000000008aa80000, 0x000000008ab00000| 50%| O|  |TAMS 0x000000008aa00000| PB 0x000000008aa00000| Untracked 
| 171|0x000000008ab00000, 0x000000008ab00000, 0x000000008ac00000|  0%| F|  |TAMS 0x000000008ab00000| PB 0x000000008ab00000| Untracked 
| 172|0x000000008ac00000, 0x000000008ac00000, 0x000000008ad00000|  0%| F|  |TAMS 0x000000008ac00000| PB 0x000000008ac00000| Untracked 
| 173|0x000000008ad00000, 0x000000008ad00000, 0x000000008ae00000|  0%| F|  |TAMS 0x000000008ad00000| PB 0x000000008ad00000| Untracked 
| 174|0x000000008ae00000, 0x000000008ae00000, 0x000000008af00000|  0%| F|  |TAMS 0x000000008ae00000| PB 0x000000008ae00000| Untracked 
| 175|0x000000008af00000, 0x000000008af00000, 0x000000008b000000|  0%| F|  |TAMS 0x000000008af00000| PB 0x000000008af00000| Untracked 
| 176|0x000000008b000000, 0x000000008b000000, 0x000000008b100000|  0%| F|  |TAMS 0x000000008b000000| PB 0x000000008b000000| Untracked 
| 177|0x000000008b100000, 0x000000008b100000, 0x000000008b200000|  0%| F|  |TAMS 0x000000008b100000| PB 0x000000008b100000| Untracked 
| 178|0x000000008b200000, 0x000000008b200000, 0x000000008b300000|  0%| F|  |TAMS 0x000000008b200000| PB 0x000000008b200000| Untracked 
| 179|0x000000008b300000, 0x000000008b300000, 0x000000008b400000|  0%| F|  |TAMS 0x000000008b300000| PB 0x000000008b300000| Untracked 
| 180|0x000000008b400000, 0x000000008b500000, 0x000000008b500000|100%|HS|  |TAMS 0x000000008b500000| PB 0x000000008b400000| Complete 
| 181|0x000000008b500000, 0x000000008b600000, 0x000000008b600000|100%|HC|  |TAMS 0x000000008b600000| PB 0x000000008b500000| Complete 
| 182|0x000000008b600000, 0x000000008b700000, 0x000000008b700000|100%| O|  |TAMS 0x000000008b700000| PB 0x000000008b600000| Untracked 
| 183|0x000000008b700000, 0x000000008b800000, 0x000000008b800000|100%| O|  |TAMS 0x000000008b800000| PB 0x000000008b700000| Untracked 
| 184|0x000000008b800000, 0x000000008b900000, 0x000000008b900000|100%| O|  |TAMS 0x000000008b900000| PB 0x000000008b800000| Untracked 
| 185|0x000000008b900000, 0x000000008ba00000, 0x000000008ba00000|100%| O|  |TAMS 0x000000008ba00000| PB 0x000000008b900000| Untracked 
| 186|0x000000008ba00000, 0x000000008bb00000, 0x000000008bb00000|100%| O|  |TAMS 0x000000008bb00000| PB 0x000000008ba00000| Untracked 
| 187|0x000000008bb00000, 0x000000008bc00000, 0x000000008bc00000|100%| O|  |TAMS 0x000000008bc00000| PB 0x000000008bb00000| Untracked 
| 188|0x000000008bc00000, 0x000000008bd00000, 0x000000008bd00000|100%| O|  |TAMS 0x000000008bd00000| PB 0x000000008bc00000| Untracked 
| 189|0x000000008bd00000, 0x000000008bd00000, 0x000000008be00000|  0%| F|  |TAMS 0x000000008bd00000| PB 0x000000008bd00000| Untracked 
| 190|0x000000008be00000, 0x000000008be00000, 0x000000008bf00000|  0%| F|  |TAMS 0x000000008be00000| PB 0x000000008be00000| Untracked 
| 191|0x000000008bf00000, 0x000000008bf00000, 0x000000008c000000|  0%| F|  |TAMS 0x000000008bf00000| PB 0x000000008bf00000| Untracked 
| 192|0x000000008c000000, 0x000000008c000000, 0x000000008c100000|  0%| F|  |TAMS 0x000000008c000000| PB 0x000000008c000000| Untracked 
| 193|0x000000008c100000, 0x000000008c100000, 0x000000008c200000|  0%| F|  |TAMS 0x000000008c100000| PB 0x000000008c100000| Untracked 
| 194|0x000000008c200000, 0x000000008c200000, 0x000000008c300000|  0%| F|  |TAMS 0x000000008c200000| PB 0x000000008c200000| Untracked 
| 195|0x000000008c300000, 0x000000008c300000, 0x000000008c400000|  0%| F|  |TAMS 0x000000008c300000| PB 0x000000008c300000| Untracked 
| 196|0x000000008c400000, 0x000000008c400000, 0x000000008c500000|  0%| F|  |TAMS 0x000000008c400000| PB 0x000000008c400000| Untracked 
| 197|0x000000008c500000, 0x000000008c500000, 0x000000008c600000|  0%| F|  |TAMS 0x000000008c500000| PB 0x000000008c500000| Untracked 
| 198|0x000000008c600000, 0x000000008c600000, 0x000000008c700000|  0%| F|  |TAMS 0x000000008c600000| PB 0x000000008c600000| Untracked 
| 199|0x000000008c700000, 0x000000008c700000, 0x000000008c800000|  0%| F|  |TAMS 0x000000008c700000| PB 0x000000008c700000| Untracked 
| 200|0x000000008c800000, 0x000000008c800000, 0x000000008c900000|  0%| F|  |TAMS 0x000000008c800000| PB 0x000000008c800000| Untracked 
| 201|0x000000008c900000, 0x000000008c900000, 0x000000008ca00000|  0%| F|  |TAMS 0x000000008c900000| PB 0x000000008c900000| Untracked 
| 202|0x000000008ca00000, 0x000000008ca00000, 0x000000008cb00000|  0%| F|  |TAMS 0x000000008ca00000| PB 0x000000008ca00000| Untracked 
| 203|0x000000008cb00000, 0x000000008cb00000, 0x000000008cc00000|  0%| F|  |TAMS 0x000000008cb00000| PB 0x000000008cb00000| Untracked 
| 204|0x000000008cc00000, 0x000000008cc00000, 0x000000008cd00000|  0%| F|  |TAMS 0x000000008cc00000| PB 0x000000008cc00000| Untracked 
| 205|0x000000008cd00000, 0x000000008cd00000, 0x000000008ce00000|  0%| F|  |TAMS 0x000000008cd00000| PB 0x000000008cd00000| Untracked 
| 206|0x000000008ce00000, 0x000000008ce00000, 0x000000008cf00000|  0%| F|  |TAMS 0x000000008ce00000| PB 0x000000008ce00000| Untracked 
| 207|0x000000008cf00000, 0x000000008cf00000, 0x000000008d000000|  0%| F|  |TAMS 0x000000008cf00000| PB 0x000000008cf00000| Untracked 
| 208|0x000000008d000000, 0x000000008d000000, 0x000000008d100000|  0%| F|  |TAMS 0x000000008d000000| PB 0x000000008d000000| Untracked 
| 209|0x000000008d100000, 0x000000008d100000, 0x000000008d200000|  0%| F|  |TAMS 0x000000008d100000| PB 0x000000008d100000| Untracked 
| 210|0x000000008d200000, 0x000000008d200000, 0x000000008d300000|  0%| F|  |TAMS 0x000000008d200000| PB 0x000000008d200000| Untracked 
| 211|0x000000008d300000, 0x000000008d300000, 0x000000008d400000|  0%| F|  |TAMS 0x000000008d300000| PB 0x000000008d300000| Untracked 
| 212|0x000000008d400000, 0x000000008d400000, 0x000000008d500000|  0%| F|  |TAMS 0x000000008d400000| PB 0x000000008d400000| Untracked 
| 213|0x000000008d500000, 0x000000008d500000, 0x000000008d600000|  0%| F|  |TAMS 0x000000008d500000| PB 0x000000008d500000| Untracked 
| 214|0x000000008d600000, 0x000000008d600000, 0x000000008d700000|  0%| F|  |TAMS 0x000000008d600000| PB 0x000000008d600000| Untracked 
| 215|0x000000008d700000, 0x000000008d700000, 0x000000008d800000|  0%| F|  |TAMS 0x000000008d700000| PB 0x000000008d700000| Untracked 
| 216|0x000000008d800000, 0x000000008d800000, 0x000000008d900000|  0%| F|  |TAMS 0x000000008d800000| PB 0x000000008d800000| Untracked 
| 217|0x000000008d900000, 0x000000008d900000, 0x000000008da00000|  0%| F|  |TAMS 0x000000008d900000| PB 0x000000008d900000| Untracked 
| 218|0x000000008da00000, 0x000000008da00000, 0x000000008db00000|  0%| F|  |TAMS 0x000000008da00000| PB 0x000000008da00000| Untracked 
| 219|0x000000008db00000, 0x000000008db00000, 0x000000008dc00000|  0%| F|  |TAMS 0x000000008db00000| PB 0x000000008db00000| Untracked 
| 220|0x000000008dc00000, 0x000000008dc00000, 0x000000008dd00000|  0%| F|  |TAMS 0x000000008dc00000| PB 0x000000008dc00000| Untracked 
| 221|0x000000008dd00000, 0x000000008dd00000, 0x000000008de00000|  0%| F|  |TAMS 0x000000008dd00000| PB 0x000000008dd00000| Untracked 
| 222|0x000000008de00000, 0x000000008de00000, 0x000000008df00000|  0%| F|  |TAMS 0x000000008de00000| PB 0x000000008de00000| Untracked 
| 223|0x000000008df00000, 0x000000008df00000, 0x000000008e000000|  0%| F|  |TAMS 0x000000008df00000| PB 0x000000008df00000| Untracked 
| 224|0x000000008e000000, 0x000000008e000000, 0x000000008e100000|  0%| F|  |TAMS 0x000000008e000000| PB 0x000000008e000000| Untracked 
| 225|0x000000008e100000, 0x000000008e100000, 0x000000008e200000|  0%| F|  |TAMS 0x000000008e100000| PB 0x000000008e100000| Untracked 
| 226|0x000000008e200000, 0x000000008e200000, 0x000000008e300000|  0%| F|  |TAMS 0x000000008e200000| PB 0x000000008e200000| Untracked 
| 227|0x000000008e300000, 0x000000008e300000, 0x000000008e400000|  0%| F|  |TAMS 0x000000008e300000| PB 0x000000008e300000| Untracked 
| 228|0x000000008e400000, 0x000000008e400000, 0x000000008e500000|  0%| F|  |TAMS 0x000000008e400000| PB 0x000000008e400000| Untracked 
| 229|0x000000008e500000, 0x000000008e500000, 0x000000008e600000|  0%| F|  |TAMS 0x000000008e500000| PB 0x000000008e500000| Untracked 
| 230|0x000000008e600000, 0x000000008e600000, 0x000000008e700000|  0%| F|  |TAMS 0x000000008e600000| PB 0x000000008e600000| Untracked 
| 231|0x000000008e700000, 0x000000008e700000, 0x000000008e800000|  0%| F|  |TAMS 0x000000008e700000| PB 0x000000008e700000| Untracked 
| 232|0x000000008e800000, 0x000000008e800000, 0x000000008e900000|  0%| F|  |TAMS 0x000000008e800000| PB 0x000000008e800000| Untracked 
| 233|0x000000008e900000, 0x000000008e900000, 0x000000008ea00000|  0%| F|  |TAMS 0x000000008e900000| PB 0x000000008e900000| Untracked 
| 234|0x000000008ea00000, 0x000000008ea00000, 0x000000008eb00000|  0%| F|  |TAMS 0x000000008ea00000| PB 0x000000008ea00000| Untracked 
| 235|0x000000008eb00000, 0x000000008eb00000, 0x000000008ec00000|  0%| F|  |TAMS 0x000000008eb00000| PB 0x000000008eb00000| Untracked 
| 236|0x000000008ec00000, 0x000000008ec00000, 0x000000008ed00000|  0%| F|  |TAMS 0x000000008ec00000| PB 0x000000008ec00000| Untracked 
| 237|0x000000008ed00000, 0x000000008ed00000, 0x000000008ee00000|  0%| F|  |TAMS 0x000000008ed00000| PB 0x000000008ed00000| Untracked 
| 238|0x000000008ee00000, 0x000000008ee00000, 0x000000008ef00000|  0%| F|  |TAMS 0x000000008ee00000| PB 0x000000008ee00000| Untracked 
| 239|0x000000008ef00000, 0x000000008ef00000, 0x000000008f000000|  0%| F|  |TAMS 0x000000008ef00000| PB 0x000000008ef00000| Untracked 
| 240|0x000000008f000000, 0x000000008f000000, 0x000000008f100000|  0%| F|  |TAMS 0x000000008f000000| PB 0x000000008f000000| Untracked 
| 241|0x000000008f100000, 0x000000008f100000, 0x000000008f200000|  0%| F|  |TAMS 0x000000008f100000| PB 0x000000008f100000| Untracked 
| 242|0x000000008f200000, 0x000000008f200000, 0x000000008f300000|  0%| F|  |TAMS 0x000000008f200000| PB 0x000000008f200000| Untracked 
| 243|0x000000008f300000, 0x000000008f300000, 0x000000008f400000|  0%| F|  |TAMS 0x000000008f300000| PB 0x000000008f300000| Untracked 
| 244|0x000000008f400000, 0x000000008f400000, 0x000000008f500000|  0%| F|  |TAMS 0x000000008f400000| PB 0x000000008f400000| Untracked 
| 245|0x000000008f500000, 0x000000008f500000, 0x000000008f600000|  0%| F|  |TAMS 0x000000008f500000| PB 0x000000008f500000| Untracked 
| 246|0x000000008f600000, 0x000000008f600000, 0x000000008f700000|  0%| F|  |TAMS 0x000000008f600000| PB 0x000000008f600000| Untracked 
| 247|0x000000008f700000, 0x000000008f700000, 0x000000008f800000|  0%| F|  |TAMS 0x000000008f700000| PB 0x000000008f700000| Untracked 
| 248|0x000000008f800000, 0x000000008f800000, 0x000000008f900000|  0%| F|  |TAMS 0x000000008f800000| PB 0x000000008f800000| Untracked 
| 249|0x000000008f900000, 0x000000008f900000, 0x000000008fa00000|  0%| F|  |TAMS 0x000000008f900000| PB 0x000000008f900000| Untracked 
| 250|0x000000008fa00000, 0x000000008fa00000, 0x000000008fb00000|  0%| F|  |TAMS 0x000000008fa00000| PB 0x000000008fa00000| Untracked 
| 251|0x000000008fb00000, 0x000000008fb00000, 0x000000008fc00000|  0%| F|  |TAMS 0x000000008fb00000| PB 0x000000008fb00000| Untracked 
| 252|0x000000008fc00000, 0x000000008fc00000, 0x000000008fd00000|  0%| F|  |TAMS 0x000000008fc00000| PB 0x000000008fc00000| Untracked 
| 253|0x000000008fd00000, 0x000000008fd00000, 0x000000008fe00000|  0%| F|  |TAMS 0x000000008fd00000| PB 0x000000008fd00000| Untracked 
| 254|0x000000008fe00000, 0x000000008fe00000, 0x000000008ff00000|  0%| F|  |TAMS 0x000000008fe00000| PB 0x000000008fe00000| Untracked 
| 255|0x000000008ff00000, 0x000000008ff00000, 0x0000000090000000|  0%| F|  |TAMS 0x000000008ff00000| PB 0x000000008ff00000| Untracked 
| 256|0x0000000090000000, 0x0000000090000000, 0x0000000090100000|  0%| F|  |TAMS 0x0000000090000000| PB 0x0000000090000000| Untracked 
| 257|0x0000000090100000, 0x0000000090200000, 0x0000000090200000|100%| S|CS|TAMS 0x0000000090100000| PB 0x0000000090100000| Complete 
| 258|0x0000000090200000, 0x0000000090300000, 0x0000000090300000|100%| S|CS|TAMS 0x0000000090200000| PB 0x0000000090200000| Complete 
| 259|0x0000000090300000, 0x0000000090400000, 0x0000000090400000|100%| S|CS|TAMS 0x0000000090300000| PB 0x0000000090300000| Complete 
| 260|0x0000000090400000, 0x0000000090400000, 0x0000000090500000|  0%| F|  |TAMS 0x0000000090400000| PB 0x0000000090400000| Untracked 
| 261|0x0000000090500000, 0x0000000090500000, 0x0000000090600000|  0%| F|  |TAMS 0x0000000090500000| PB 0x0000000090500000| Untracked 
| 262|0x0000000090600000, 0x0000000090600000, 0x0000000090700000|  0%| F|  |TAMS 0x0000000090600000| PB 0x0000000090600000| Untracked 
|2018|0x00000000fe200000, 0x00000000fe300000, 0x00000000fe300000|100%| O|  |TAMS 0x00000000fe280000| PB 0x00000000fe200000| Untracked 
|2019|0x00000000fe300000, 0x00000000fe400000, 0x00000000fe400000|100%| O|  |TAMS 0x00000000fe400000| PB 0x00000000fe300000| Untracked 
|2020|0x00000000fe400000, 0x00000000fe500000, 0x00000000fe500000|100%| O|  |TAMS 0x00000000fe500000| PB 0x00000000fe400000| Untracked 
|2021|0x00000000fe500000, 0x00000000fe600000, 0x00000000fe600000|100%| O|  |TAMS 0x00000000fe600000| PB 0x00000000fe500000| Untracked 
|2022|0x00000000fe600000, 0x00000000fe700000, 0x00000000fe700000|100%| O|  |TAMS 0x00000000fe700000| PB 0x00000000fe600000| Untracked 
|2023|0x00000000fe700000, 0x00000000fe800000, 0x00000000fe800000|100%| O|  |TAMS 0x00000000fe800000| PB 0x00000000fe700000| Untracked 
|2024|0x00000000fe800000, 0x00000000fe900000, 0x00000000fe900000|100%| O|  |TAMS 0x00000000fe900000| PB 0x00000000fe800000| Untracked 
|2025|0x00000000fe900000, 0x00000000fea00000, 0x00000000fea00000|100%| O|  |TAMS 0x00000000fea00000| PB 0x00000000fe900000| Untracked 
|2026|0x00000000fea00000, 0x00000000feb00000, 0x00000000feb00000|100%| O|  |TAMS 0x00000000feb00000| PB 0x00000000fea00000| Untracked 
|2027|0x00000000feb00000, 0x00000000fec00000, 0x00000000fec00000|100%| O|  |TAMS 0x00000000fec00000| PB 0x00000000feb00000| Untracked 
|2028|0x00000000fec00000, 0x00000000fed00000, 0x00000000fed00000|100%| O|  |TAMS 0x00000000fed00000| PB 0x00000000fec00000| Untracked 
|2029|0x00000000fed00000, 0x00000000fee00000, 0x00000000fee00000|100%| O|  |TAMS 0x00000000fee00000| PB 0x00000000fed00000| Untracked 
|2030|0x00000000fee00000, 0x00000000fef00000, 0x00000000fef00000|100%| O|  |TAMS 0x00000000fef00000| PB 0x00000000fee00000| Untracked 
|2031|0x00000000fef00000, 0x00000000ff000000, 0x00000000ff000000|100%| O|  |TAMS 0x00000000ff000000| PB 0x00000000fef00000| Untracked 
|2032|0x00000000ff000000, 0x00000000ff100000, 0x00000000ff100000|100%| O|  |TAMS 0x00000000ff100000| PB 0x00000000ff000000| Untracked 
|2033|0x00000000ff100000, 0x00000000ff200000, 0x00000000ff200000|100%| O|  |TAMS 0x00000000ff200000| PB 0x00000000ff100000| Untracked 
|2034|0x00000000ff200000, 0x00000000ff300000, 0x00000000ff300000|100%| O|  |TAMS 0x00000000ff300000| PB 0x00000000ff200000| Untracked 
|2035|0x00000000ff300000, 0x00000000ff400000, 0x00000000ff400000|100%| O|  |TAMS 0x00000000ff400000| PB 0x00000000ff300000| Untracked 
|2036|0x00000000ff400000, 0x00000000ff500000, 0x00000000ff500000|100%| O|  |TAMS 0x00000000ff500000| PB 0x00000000ff400000| Untracked 
|2037|0x00000000ff500000, 0x00000000ff600000, 0x00000000ff600000|100%| O|  |TAMS 0x00000000ff600000| PB 0x00000000ff500000| Untracked 
|2038|0x00000000ff600000, 0x00000000ff600000, 0x00000000ff700000|  0%| F|  |TAMS 0x00000000ff600000| PB 0x00000000ff600000| Untracked 
|2039|0x00000000ff700000, 0x00000000ff700000, 0x00000000ff800000|  0%| F|  |TAMS 0x00000000ff700000| PB 0x00000000ff700000| Untracked 
|2040|0x00000000ff800000, 0x00000000ff800000, 0x00000000ff900000|  0%| F|  |TAMS 0x00000000ff800000| PB 0x00000000ff800000| Untracked 
|2041|0x00000000ff900000, 0x00000000ff900000, 0x00000000ffa00000|  0%| F|  |TAMS 0x00000000ff900000| PB 0x00000000ff900000| Untracked 
|2042|0x00000000ffa00000, 0x00000000ffa00000, 0x00000000ffb00000|  0%| F|  |TAMS 0x00000000ffa00000| PB 0x00000000ffa00000| Untracked 
|2043|0x00000000ffb00000, 0x00000000ffc00000, 0x00000000ffc00000|100%| O|  |TAMS 0x00000000ffc00000| PB 0x00000000ffb00000| Untracked 
|2044|0x00000000ffc00000, 0x00000000ffc00000, 0x00000000ffd00000|  0%| F|  |TAMS 0x00000000ffc00000| PB 0x00000000ffc00000| Untracked 
|2045|0x00000000ffd00000, 0x00000000ffd00000, 0x00000000ffe00000|  0%| F|  |TAMS 0x00000000ffd00000| PB 0x00000000ffd00000| Untracked 
|2046|0x00000000ffe00000, 0x00000000ffe00800, 0x00000000fff00000|  0%| E|  |TAMS 0x00000000ffe00000| PB 0x00000000ffe00000| Complete 
|2047|0x00000000fff00000, 0x0000000100000000, 0x0000000100000000|100%| O|  |TAMS 0x0000000100000000| PB 0x00000000fff00000| Untracked 

Card table byte_map: [0x000001cb1de40000,0x000001cb1e240000] _byte_map_base: 0x000001cb1da40000

Marking Bits: (CMBitMap*) 0x000001cb09d1e4f0
 Bits: [0x000001cb1e240000, 0x000001cb20240000)

Polling page: 0x000001cb09ba0000

Metaspace:

Usage:
  Non-class:    107.59 MB used.
      Class:     16.51 MB used.
       Both:    124.10 MB used.

Virtual space:
  Non-class space:      128.00 MB reserved,     108.81 MB ( 85%) committed,  2 nodes.
      Class space:        1.00 GB reserved,      17.75 MB (  2%) committed,  1 nodes.
             Both:        1.13 GB reserved,     126.56 MB ( 11%) committed. 

Chunk freelists:
   Non-Class:  2.59 MB
       Class:  14.27 MB
        Both:  16.86 MB

MaxMetaspaceSize: unlimited
CompressedClassSpaceSize: 1.00 GB
Initial GC threshold: 21.00 MB
Current GC threshold: 199.38 MB
CDS: off
 - commit_granule_bytes: 65536.
 - commit_granule_words: 8192.
 - virtual_space_node_default_size: 8388608.
 - enlarge_chunks_in_place: 1.
 - use_allocation_guard: 0.


Internal statistics:

num_allocs_failed_limit: 3.
num_arena_births: 4716.
num_arena_deaths: 0.
num_vsnodes_births: 3.
num_vsnodes_deaths: 0.
num_space_committed: 2024.
num_space_uncommitted: 0.
num_chunks_returned_to_freelist: 3.
num_chunks_taken_from_freelist: 10331.
num_chunk_merges: 3.
num_chunk_splits: 6688.
num_chunks_enlarged: 4127.
num_inconsistent_stats: 0.

CodeHeap 'non-profiled nmethods': size=120064Kb used=9723Kb max_used=9723Kb free=110340Kb
 bounds [0x000001cb16900000, 0x000001cb17280000, 0x000001cb1de40000]
CodeHeap 'profiled nmethods': size=120000Kb used=26950Kb max_used=26950Kb free=93049Kb
 bounds [0x000001cb0ee40000, 0x000001cb108a0000, 0x000001cb16370000]
CodeHeap 'non-nmethods': size=5696Kb used=2922Kb max_used=2973Kb free=2773Kb
 bounds [0x000001cb16370000, 0x000001cb16660000, 0x000001cb16900000]
 total_blobs=14975 nmethods=13955 adapters=925
 compilation: enabled
              stopped_count=0, restarted_count=0
 full_count=0

Compilation events (20 events):
Event: 515.146 Thread 0x000001cb226ac6f0 16053       2       com.google.common.base.Splitter$1::iterator (11 bytes)
Event: 515.147 Thread 0x000001cb226ac6f0 nmethod 16053 0x000001cb1088b410 code [0x000001cb1088b5c0, 0x000001cb1088b7b0]
Event: 515.147 Thread 0x000001cb226ac6f0 16054       2       com.google.common.base.Splitter$SplittingIterator::<init> (39 bytes)
Event: 515.147 Thread 0x000001cb226ac6f0 nmethod 16054 0x000001cb1088b890 code [0x000001cb1088ba40, 0x000001cb1088bc90]
Event: 515.151 Thread 0x000001cb226ac6f0 16055 %     3       com.android.utils.PositionXmlParser$DomBuilder::findOpeningTag @ 79 (131 bytes)
Event: 515.153 Thread 0x000001cb226ac6f0 nmethod 16055% 0x000001cb1088bd90 code [0x000001cb1088c0a0, 0x000001cb1088d488]
Event: 515.153 Thread 0x000001cb226ac6f0 16056       3       com.android.utils.PositionXmlParser$DomBuilder::findOpeningTag (131 bytes)
Event: 515.154 Thread 0x000001cb226ac6f0 nmethod 16056 0x000001cb1088dc90 code [0x000001cb1088dfa0, 0x000001cb1088f2a0]
Event: 515.158 Thread 0x000001cb226ac6f0 16057       2       java.util.stream.Nodes$IntFixedNodeBuilder::accept (61 bytes)
Event: 515.159 Thread 0x000001cb226ac6f0 nmethod 16057 0x000001cb1088fa90 code [0x000001cb1088fcc0, 0x000001cb108903b0]
Event: 515.159 Thread 0x000001cb226ac6f0 16058       2       com.android.ide.common.resources.FileResourceNameValidator::isValidCharacter (36 bytes)
Event: 515.159 Thread 0x000001cb226ac6f0 nmethod 16058 0x000001cb10890710 code [0x000001cb108908a0, 0x000001cb108909c8]
Event: 515.161 Thread 0x000001cb226ac6f0 16059       2       java.util.Collections::emptyEnumeration (4 bytes)
Event: 515.161 Thread 0x000001cb226ac6f0 nmethod 16059 0x000001cb10890a90 code [0x000001cb10890c20, 0x000001cb10890d10]
Event: 515.162 Thread 0x000001cb226ac6f0 16060       2       kotlin.jvm.internal.PropertyReference1::invoke (6 bytes)
Event: 515.162 Thread 0x000001cb226ac6f0 nmethod 16060 0x000001cb10890d90 code [0x000001cb10890f40, 0x000001cb10891070]
Event: 515.163 Thread 0x000001cb226ac6f0 16061       2       com.android.ide.common.resources.RelativeResourceUtils$getIdentifiedSourceSetMap$$inlined$sortedBy$1::compare (45 bytes)
Event: 515.163 Thread 0x000001cb226ac6f0 nmethod 16061 0x000001cb10891110 code [0x000001cb108912e0, 0x000001cb108914f8]
Event: 515.188 Thread 0x000001cb226ac6f0 16062       2       com.google.common.collect.Maps::capacity (39 bytes)
Event: 515.189 Thread 0x000001cb226ac6f0 nmethod 16062 0x000001cb10891690 code [0x000001cb10891880, 0x000001cb10891a50]

GC Heap History (20 events):
Event: 80.069 GC heap before
{Heap before GC invocations=53 (full 0):
 garbage-first heap   total 256000K, used 221952K [0x0000000080000000, 0x0000000100000000)
  region size 1024K, 76 young (77824K), 8 survivors (8192K)
 Metaspace       used 102302K, committed 104512K, reserved 1179648K
  class space    used 13922K, committed 15040K, reserved 1048576K
}
Event: 80.092 GC heap after
{Heap after GC invocations=54 (full 0):
 garbage-first heap   total 256000K, used 154845K [0x0000000080000000, 0x0000000100000000)
  region size 1024K, 5 young (5120K), 5 survivors (5120K)
 Metaspace       used 102302K, committed 104512K, reserved 1179648K
  class space    used 13922K, committed 15040K, reserved 1048576K
}
Event: 81.300 GC heap before
{Heap before GC invocations=54 (full 0):
 garbage-first heap   total 256000K, used 236765K [0x0000000080000000, 0x0000000100000000)
  region size 1024K, 85 young (87040K), 5 survivors (5120K)
 Metaspace       used 102302K, committed 104512K, reserved 1179648K
  class space    used 13922K, committed 15040K, reserved 1048576K
}
Event: 81.328 GC heap after
{Heap after GC invocations=55 (full 0):
 garbage-first heap   total 256000K, used 156586K [0x0000000080000000, 0x0000000100000000)
  region size 1024K, 8 young (8192K), 8 survivors (8192K)
 Metaspace       used 102302K, committed 104512K, reserved 1179648K
  class space    used 13922K, committed 15040K, reserved 1048576K
}
Event: 82.403 GC heap before
{Heap before GC invocations=55 (full 0):
 garbage-first heap   total 256000K, used 191402K [0x0000000080000000, 0x0000000100000000)
  region size 1024K, 44 young (45056K), 8 survivors (8192K)
 Metaspace       used 103186K, committed 105408K, reserved 1179648K
  class space    used 13990K, committed 15104K, reserved 1048576K
}
Event: 82.428 GC heap after
{Heap after GC invocations=56 (full 0):
 garbage-first heap   total 256000K, used 158542K [0x0000000080000000, 0x0000000100000000)
  region size 1024K, 7 young (7168K), 7 survivors (7168K)
 Metaspace       used 103186K, committed 105408K, reserved 1179648K
  class space    used 13990K, committed 15104K, reserved 1048576K
}
Event: 85.818 GC heap before
{Heap before GC invocations=57 (full 0):
 garbage-first heap   total 265216K, used 235342K [0x0000000080000000, 0x0000000100000000)
  region size 1024K, 81 young (82944K), 7 survivors (7168K)
 Metaspace       used 111765K, committed 114048K, reserved 1179648K
  class space    used 15116K, committed 16256K, reserved 1048576K
}
Event: 85.866 GC heap after
{Heap after GC invocations=58 (full 0):
 garbage-first heap   total 265216K, used 161211K [0x0000000080000000, 0x0000000100000000)
  region size 1024K, 7 young (7168K), 7 survivors (7168K)
 Metaspace       used 111765K, committed 114048K, reserved 1179648K
  class space    used 15116K, committed 16256K, reserved 1048576K
}
Event: 88.997 GC heap before
{Heap before GC invocations=58 (full 0):
 garbage-first heap   total 265216K, used 247227K [0x0000000080000000, 0x0000000100000000)
  region size 1024K, 87 young (89088K), 7 survivors (7168K)
 Metaspace       used 115871K, committed 118144K, reserved 1179648K
  class space    used 15474K, committed 16640K, reserved 1048576K
}
Event: 89.037 GC heap after
{Heap after GC invocations=59 (full 0):
 garbage-first heap   total 265216K, used 163982K [0x0000000080000000, 0x0000000100000000)
  region size 1024K, 10 young (10240K), 10 survivors (10240K)
 Metaspace       used 115871K, committed 118144K, reserved 1179648K
  class space    used 15474K, committed 16640K, reserved 1048576K
}
Event: 93.145 GC heap before
{Heap before GC invocations=59 (full 0):
 garbage-first heap   total 265216K, used 238734K [0x0000000080000000, 0x0000000100000000)
  region size 1024K, 84 young (86016K), 10 survivors (10240K)
 Metaspace       used 120123K, committed 122496K, reserved 1179648K
  class space    used 15999K, committed 17216K, reserved 1048576K
}
Event: 93.191 GC heap after
{Heap after GC invocations=60 (full 0):
 garbage-first heap   total 265216K, used 168960K [0x0000000080000000, 0x0000000100000000)
  region size 1024K, 7 young (7168K), 7 survivors (7168K)
 Metaspace       used 120123K, committed 122496K, reserved 1179648K
  class space    used 15999K, committed 17216K, reserved 1048576K
}
Event: 497.632 GC heap before
{Heap before GC invocations=61 (full 0):
 garbage-first heap   total 281600K, used 241664K [0x0000000080000000, 0x0000000100000000)
  region size 1024K, 79 young (80896K), 7 survivors (7168K)
 Metaspace       used 120740K, committed 123136K, reserved 1179648K
  class space    used 16057K, committed 17280K, reserved 1048576K
}
Event: 497.965 GC heap after
{Heap after GC invocations=62 (full 0):
 garbage-first heap   total 281600K, used 173056K [0x0000000080000000, 0x0000000100000000)
  region size 1024K, 4 young (4096K), 4 survivors (4096K)
 Metaspace       used 120740K, committed 123136K, reserved 1179648K
  class space    used 16057K, committed 17280K, reserved 1048576K
}
Event: 506.454 GC heap before
{Heap before GC invocations=62 (full 0):
 garbage-first heap   total 281600K, used 261120K [0x0000000080000000, 0x0000000100000000)
  region size 1024K, 91 young (93184K), 4 survivors (4096K)
 Metaspace       used 124799K, committed 127296K, reserved 1179648K
  class space    used 16703K, committed 17984K, reserved 1048576K
}
Event: 506.579 GC heap after
{Heap after GC invocations=63 (full 0):
 garbage-first heap   total 281600K, used 181248K [0x0000000080000000, 0x0000000100000000)
  region size 1024K, 12 young (12288K), 12 survivors (12288K)
 Metaspace       used 124799K, committed 127296K, reserved 1179648K
  class space    used 16703K, committed 17984K, reserved 1048576K
}
Event: 513.414 GC heap before
{Heap before GC invocations=63 (full 0):
 garbage-first heap   total 281600K, used 262144K [0x0000000080000000, 0x0000000100000000)
  region size 1024K, 83 young (84992K), 12 survivors (12288K)
 Metaspace       used 126976K, committed 129408K, reserved 1179648K
  class space    used 16898K, committed 18112K, reserved 1048576K
}
Event: 513.576 GC heap after
{Heap after GC invocations=64 (full 0):
 garbage-first heap   total 300032K, used 204288K [0x0000000080000000, 0x0000000100000000)
  region size 1024K, 11 young (11264K), 11 survivors (11264K)
 Metaspace       used 126976K, committed 129408K, reserved 1179648K
  class space    used 16898K, committed 18112K, reserved 1048576K
}
Event: 515.190 GC heap before
{Heap before GC invocations=64 (full 0):
 garbage-first heap   total 300032K, used 215552K [0x0000000080000000, 0x0000000100000000)
  region size 1024K, 22 young (22528K), 11 survivors (11264K)
 Metaspace       used 127082K, committed 129600K, reserved 1179648K
  class space    used 16910K, committed 18176K, reserved 1048576K
}
Event: 515.250 GC heap after
{Heap after GC invocations=65 (full 0):
 garbage-first heap   total 300032K, used 209408K [0x0000000080000000, 0x0000000100000000)
  region size 1024K, 3 young (3072K), 3 survivors (3072K)
 Metaspace       used 127082K, committed 129600K, reserved 1179648K
  class space    used 16910K, committed 18176K, reserved 1048576K
}

Dll operation events (3 events):
Event: 0.061 Loaded shared library C:\Program Files\Android\Android Studio\jbr\bin\java.dll
Event: 0.128 Loaded shared library C:\Program Files\Android\Android Studio\jbr\bin\zip.dll
Event: 1.808 Loaded shared library C:\Program Files\Android\Android Studio\jbr\bin\verify.dll

Deoptimization events (20 events):
Event: 514.341 Thread 0x000001cb315bbd10 DEOPT PACKING pc=0x000001cb1087f8e2 sp=0x0000002a05df9f80
Event: 514.341 Thread 0x000001cb315bbd10 DEOPT UNPACKING pc=0x000001cb163c4e23 sp=0x0000002a05df9440 mode 0
Event: 514.850 Thread 0x000001cb315bbd10 DEOPT PACKING pc=0x000001cb1087f8e2 sp=0x0000002a05df9f80
Event: 514.850 Thread 0x000001cb315bbd10 DEOPT UNPACKING pc=0x000001cb163c4e23 sp=0x0000002a05df9440 mode 0
Event: 515.060 Thread 0x000001cb315bbd10 Uncommon trap: trap_request=0xffffff5c fr.pc=0x000001cb17263fec relative=0x000000000000254c
Event: 515.060 Thread 0x000001cb315bbd10 Uncommon trap: reason=speculate_null_check action=make_not_entrant pc=0x000001cb17263fec method=com.sun.org.apache.xerces.internal.dom.ElementImpl.getDefaultAttributes()Lcom/sun/org/apache/xerces/internal/dom/NamedNodeMapImpl; @ 12 c2
Event: 515.060 Thread 0x000001cb315bbd10 DEOPT PACKING pc=0x000001cb17263fec sp=0x0000002a05df9cd0
Event: 515.060 Thread 0x000001cb315bbd10 DEOPT UNPACKING pc=0x000001cb163c469c sp=0x0000002a05df9980 mode 2
Event: 515.150 Thread 0x000001cb315bbd10 Uncommon trap: trap_request=0xffffff45 fr.pc=0x000001cb17220850 relative=0x0000000000000510
Event: 515.150 Thread 0x000001cb315bbd10 Uncommon trap: reason=unstable_if action=reinterpret pc=0x000001cb17220850 method=com.sun.org.apache.xerces.internal.impl.XMLEntityScanner.skipString(Ljava/lang/String;)Z @ 59 c2
Event: 515.150 Thread 0x000001cb315bbd10 DEOPT PACKING pc=0x000001cb17220850 sp=0x0000002a05df9db0
Event: 515.150 Thread 0x000001cb315bbd10 DEOPT UNPACKING pc=0x000001cb163c469c sp=0x0000002a05df9d68 mode 2
Event: 515.150 Thread 0x000001cb315bbd10 Uncommon trap: trap_request=0xffffff45 fr.pc=0x000001cb1721fc58 relative=0x00000000000008f8
Event: 515.150 Thread 0x000001cb315bbd10 Uncommon trap: reason=unstable_if action=reinterpret pc=0x000001cb1721fc58 method=com.android.utils.PositionXmlParser$DomBuilder.findOpeningTag(Lcom/android/utils/PositionXmlParser$Position;)Lcom/android/utils/PositionXmlParser$Position; @ 81 c2
Event: 515.150 Thread 0x000001cb315bbd10 DEOPT PACKING pc=0x000001cb1721fc58 sp=0x0000002a05df99e0
Event: 515.150 Thread 0x000001cb315bbd10 DEOPT UNPACKING pc=0x000001cb163c469c sp=0x0000002a05df9958 mode 2
Event: 515.155 Thread 0x000001cb315bbd10 Uncommon trap: trap_request=0xffffff45 fr.pc=0x000001cb17238ddc relative=0x000000000000017c
Event: 515.155 Thread 0x000001cb315bbd10 Uncommon trap: reason=unstable_if action=reinterpret pc=0x000001cb17238ddc method=com.sun.org.apache.xerces.internal.impl.XMLEntityScanner.skipSpaces()Z @ 355 c2
Event: 515.155 Thread 0x000001cb315bbd10 DEOPT PACKING pc=0x000001cb17238ddc sp=0x0000002a05df9c80
Event: 515.155 Thread 0x000001cb315bbd10 DEOPT UNPACKING pc=0x000001cb163c469c sp=0x0000002a05df9c08 mode 2

Classes loaded (20 events):
Event: 509.378 Loading class com/sun/org/apache/xerces/internal/dom/NamedNodeMapImpl done
Event: 509.378 Loading class com/sun/org/apache/xerces/internal/dom/AttributeMap done
Event: 509.436 Loading class com/sun/org/apache/xerces/internal/dom/CommentImpl
Event: 509.436 Loading class org/w3c/dom/Comment
Event: 509.436 Loading class org/w3c/dom/Comment done
Event: 509.436 Loading class com/sun/org/apache/xerces/internal/dom/CommentImpl done
Event: 511.416 Loading class com/sun/org/apache/xerces/internal/dom/AttrNSImpl
Event: 511.417 Loading class com/sun/org/apache/xerces/internal/dom/AttrNSImpl done
Event: 515.132 Loading class java/util/stream/Nodes$IntFixedNodeBuilder
Event: 515.132 Loading class java/util/stream/Node$Builder$OfInt
Event: 515.133 Loading class java/util/stream/Node$Builder$OfInt done
Event: 515.133 Loading class java/util/stream/Nodes$IntArrayNode
Event: 515.134 Loading class java/util/stream/Nodes$IntArrayNode done
Event: 515.134 Loading class java/util/stream/Nodes$IntFixedNodeBuilder done
Event: 515.171 Loading class java/io/FileReader
Event: 515.172 Loading class java/io/FileReader done
Event: 515.180 Loading class java/util/concurrent/ConcurrentLinkedDeque
Event: 515.183 Loading class java/util/concurrent/ConcurrentLinkedDeque done
Event: 515.183 Loading class java/util/concurrent/ConcurrentLinkedDeque$Node
Event: 515.183 Loading class java/util/concurrent/ConcurrentLinkedDeque$Node done

Classes unloaded (0 events):
No events

Classes redefined (0 events):
No events

Internal exceptions (20 events):
Event: 502.596 Thread 0x000001cb315b9c40 Exception <a 'java/lang/NoSuchMethodError'{0x000000008dc6c930}: static Lcom/android/buildanalyzer/common/AndroidGradlePluginAttributionData$JavaInfo;.<clinit>()V> (0x000000008dc6c930) 
thrown [s\src\hotspot\share\prims\jni.cpp, line 1135]
Event: 502.614 Thread 0x000001cb315b9c40 Exception <a 'java/lang/NoSuchMethodError'{0x000000008dca3908}: static [Ljava/lang/String;.<clinit>()V> (0x000000008dca3908) 
thrown [s\src\hotspot\share\prims\jni.cpp, line 1135]
Event: 502.625 Thread 0x000001cb315b9c40 Exception <a 'java/lang/NoSuchMethodError'{0x000000008dcb2920}: static Lcom/android/buildanalyzer/common/AndroidGradlePluginAttributionData$TaskInfo;.<clinit>()V> (0x000000008dcb2920) 
thrown [s\src\hotspot\share\prims\jni.cpp, line 1135]
Event: 502.626 Thread 0x000001cb315b9c40 Exception <a 'java/lang/NoSuchMethodError'{0x000000008dcbfa18}: static Lcom/android/buildanalyzer/common/AndroidGradlePluginAttributionData$TaskCategoryInfo;.<clinit>()V> (0x000000008dcbfa18) 
thrown [s\src\hotspot\share\prims\jni.cpp, line 1135]
Event: 502.742 Thread 0x000001cb315bbd10 Exception <a 'sun/nio/fs/WindowsException'{0x000000008dbdbf80}> (0x000000008dbdbf80) 
thrown [s\src\hotspot\share\prims\jni.cpp, line 535]
Event: 502.839 Thread 0x000001cb315bdde0 Exception <a 'java/lang/NoSuchMethodError'{0x000000008da9d388}: static Lorg/gradle/internal/build/event/types/DefaultTaskSkippedResult;.<clinit>()V> (0x000000008da9d388) 
thrown [s\src\hotspot\share\prims\jni.cpp, line 1135]
Event: 502.932 Thread 0x000001cb315bbd10 Exception <a 'java/lang/IncompatibleClassChangeError'{0x000000008d9405c8}: Found class java.lang.Object, but interface was expected> (0x000000008d9405c8) 
thrown [s\src\hotspot\share\interpreter\linkResolver.cpp, line 851]
Event: 503.003 Thread 0x000001cb315bbd10 Exception <a 'java/lang/NoSuchMethodError'{0x000000008d83c200}: 'int java.lang.invoke.DirectMethodHandle$Holder.invokeStaticInit(java.lang.Object, java.lang.Object, java.lang.Object, java.lang.Object, java.lang.Object)'> (0x000000008d83c200) 
thrown [s\src\hotspot\share\interpreter\linkResolver.cpp, line 784]
Event: 503.175 Thread 0x000001cb315bbd10 Exception <a 'sun/nio/fs/WindowsException'{0x000000008d7b89c0}> (0x000000008d7b89c0) 
thrown [s\src\hotspot\share\prims\jni.cpp, line 535]
Event: 503.175 Thread 0x000001cb315bbd10 Exception <a 'sun/nio/fs/WindowsException'{0x000000008d7b9c90}> (0x000000008d7b9c90) 
thrown [s\src\hotspot\share\prims\jni.cpp, line 535]
Event: 503.175 Thread 0x000001cb315bbd10 Exception <a 'sun/nio/fs/WindowsException'{0x000000008d7b9e38}> (0x000000008d7b9e38) 
thrown [s\src\hotspot\share\prims\jni.cpp, line 535]
Event: 503.284 Thread 0x000001cb2c774890 Exception <a 'sun/nio/fs/WindowsException'{0x000000008d5b8e48}> (0x000000008d5b8e48) 
thrown [s\src\hotspot\share\prims\jni.cpp, line 535]
Event: 505.707 Thread 0x000001cb315be470 Exception <a 'java/lang/NoSuchMethodError'{0x000000008bad2d90}: static Lcom/android/build/gradle/internal/tasks/AarMetadataArtifact;.<clinit>()V> (0x000000008bad2d90) 
thrown [s\src\hotspot\share\prims\jni.cpp, line 1135]
Event: 508.032 Thread 0x000001cb315bbd10 Exception <a 'sun/nio/fs/WindowsException'{0x00000000904aaf98}> (0x00000000904aaf98) 
thrown [s\src\hotspot\share\prims\jni.cpp, line 535]
Event: 508.032 Thread 0x000001cb315bbd10 Exception <a 'sun/nio/fs/WindowsException'{0x00000000904ac130}> (0x00000000904ac130) 
thrown [s\src\hotspot\share\prims\jni.cpp, line 535]
Event: 508.032 Thread 0x000001cb315bbd10 Exception <a 'sun/nio/fs/WindowsException'{0x00000000904ac2b8}> (0x00000000904ac2b8) 
thrown [s\src\hotspot\share\prims\jni.cpp, line 535]
Event: 508.114 Thread 0x000001cb315bbd10 Exception <a 'sun/nio/fs/WindowsException'{0x000000009024bd48}> (0x000000009024bd48) 
thrown [s\src\hotspot\share\prims\jni.cpp, line 535]
Event: 508.114 Thread 0x000001cb315bbd10 Exception <a 'sun/nio/fs/WindowsException'{0x000000009024cf28}> (0x000000009024cf28) 
thrown [s\src\hotspot\share\prims\jni.cpp, line 535]
Event: 508.114 Thread 0x000001cb315bbd10 Exception <a 'sun/nio/fs/WindowsException'{0x000000009024d0f8}> (0x000000009024d0f8) 
thrown [s\src\hotspot\share\prims\jni.cpp, line 535]
Event: 508.118 Thread 0x000001cb315bbd10 Exception <a 'sun/nio/fs/WindowsException'{0x00000000902566d0}> (0x00000000902566d0) 
thrown [s\src\hotspot\share\prims\jni.cpp, line 535]

ZGC Phase Switch (0 events):
No events

VM Operations (20 events):
Event: 506.453 Executing VM operation: G1CollectForAllocation (G1 Evacuation Pause)
Event: 506.580 Executing VM operation: G1CollectForAllocation (G1 Evacuation Pause) done
Event: 508.589 Executing VM operation: Cleanup
Event: 508.589 Executing VM operation: Cleanup done
Event: 509.603 Executing VM operation: Cleanup
Event: 509.603 Executing VM operation: Cleanup done
Event: 511.424 Executing VM operation: HandshakeAllThreads (Deoptimize)
Event: 511.424 Executing VM operation: HandshakeAllThreads (Deoptimize) done
Event: 511.424 Executing VM operation: Cleanup
Event: 511.424 Executing VM operation: Cleanup done
Event: 512.428 Executing VM operation: Cleanup
Event: 512.444 Executing VM operation: Cleanup done
Event: 513.414 Executing VM operation: G1CollectForAllocation (G1 Evacuation Pause)
Event: 513.576 Executing VM operation: G1CollectForAllocation (G1 Evacuation Pause) done
Event: 514.613 Executing VM operation: Cleanup
Event: 514.613 Executing VM operation: Cleanup done
Event: 515.176 Executing VM operation: HandshakeAllThreads (Deoptimize)
Event: 515.176 Executing VM operation: HandshakeAllThreads (Deoptimize) done
Event: 515.190 Executing VM operation: G1CollectForAllocation (G1 Evacuation Pause)
Event: 515.250 Executing VM operation: G1CollectForAllocation (G1 Evacuation Pause) done

Memory protections (0 events):
No events

Nmethod flushes (20 events):
Event: 93.538 Thread 0x000001cb22663070 flushing  nmethod 0x000001cb0f8daf90
Event: 93.538 Thread 0x000001cb22663070 flushing  nmethod 0x000001cb0f8dff90
Event: 93.538 Thread 0x000001cb22663070 flushing  nmethod 0x000001cb0f93f510
Event: 93.538 Thread 0x000001cb22663070 flushing  nmethod 0x000001cb0f94e510
Event: 93.538 Thread 0x000001cb22663070 flushing  nmethod 0x000001cb0f94ec90
Event: 93.538 Thread 0x000001cb22663070 flushing  nmethod 0x000001cb0f94f710
Event: 93.538 Thread 0x000001cb22663070 flushing  nmethod 0x000001cb0f987410
Event: 93.538 Thread 0x000001cb22663070 flushing  nmethod 0x000001cb0f99ea10
Event: 93.538 Thread 0x000001cb22663070 flushing  nmethod 0x000001cb0f9a1f10
Event: 93.538 Thread 0x000001cb22663070 flushing  nmethod 0x000001cb0f9b2590
Event: 93.538 Thread 0x000001cb22663070 flushing  nmethod 0x000001cb0f9d5a10
Event: 93.538 Thread 0x000001cb22663070 flushing  nmethod 0x000001cb0fa2cd90
Event: 93.538 Thread 0x000001cb22663070 flushing  nmethod 0x000001cb0fa81410
Event: 93.538 Thread 0x000001cb22663070 flushing  nmethod 0x000001cb0fab5c10
Event: 93.538 Thread 0x000001cb22663070 flushing  nmethod 0x000001cb0fba0790
Event: 93.538 Thread 0x000001cb22663070 flushing  nmethod 0x000001cb0fbce510
Event: 93.538 Thread 0x000001cb22663070 flushing  nmethod 0x000001cb0fbd3090
Event: 93.538 Thread 0x000001cb22663070 flushing  nmethod 0x000001cb0fd0f910
Event: 93.538 Thread 0x000001cb22663070 flushing  nmethod 0x000001cb0fd10e10
Event: 93.538 Thread 0x000001cb22663070 flushing  nmethod 0x000001cb0feb6790

Events (20 events):
Event: 489.708 Thread 0x000001cb315bc3a0 Thread added: 0x000001cb315ba960
Event: 489.797 Thread 0x000001cb315bc3a0 Thread added: 0x000001cb315bf190
Event: 490.151 Thread 0x000001cb315bf190 Thread added: 0x000001cb315bd750
Event: 491.426 Thread 0x000001cb315bf190 Thread added: 0x000001cb315baff0
Event: 491.430 Thread 0x000001cb315bf190 Thread added: 0x000001cb315bdde0
Event: 492.099 Thread 0x000001cb315bf190 Thread added: 0x000001cb315bb680
Event: 492.120 Thread 0x000001cb315bf190 Thread added: 0x000001cb315c0540
Event: 492.669 Thread 0x000001cb315bf190 Thread added: 0x000001cb315beb00
Event: 492.738 Thread 0x000001cb315bf190 Thread added: 0x000001cb315bca30
Event: 492.771 Thread 0x000001cb315bf190 Thread added: 0x000001cb315bd0c0
Event: 495.370 Thread 0x000001cb315bf190 Thread added: 0x000001cb315b95b0
Event: 495.828 Thread 0x000001cb315bf190 Thread added: 0x000001cb315bf820
Event: 497.320 Thread 0x000001cb315bf190 Thread added: 0x000001cb315b9c40
Event: 502.386 Thread 0x000001cb315bf190 Thread added: 0x000001cb315bbd10
Event: 502.391 Thread 0x000001cb315bbd10 Thread added: 0x000001cb315be470
Event: 502.396 Thread 0x000001cb315bbd10 Thread added: 0x000001cb2c770060
Event: 503.232 Thread 0x000001cb315bbd10 Thread added: 0x000001cb2c774890
Event: 503.977 Thread 0x000001cb315be470 Thread added: 0x000001cb2c770d80
Event: 505.715 Thread 0x000001cb315be470 Thread added: 0x000001cb2c771410
Event: 505.933 Thread 0x000001cb315bbd10 Thread added: 0x000001cb2c7727c0


Dynamic libraries:
0x00007ff676d30000 - 0x00007ff676d3a000 	C:\Program Files\Android\Android Studio\jbr\bin\java.exe
0x00007fff369c0000 - 0x00007fff36bb0000 	C:\Windows\SYSTEM32\ntdll.dll
0x00007fff35290000 - 0x00007fff35342000 	C:\Windows\System32\KERNEL32.DLL
0x00007fff33ef0000 - 0x00007fff34193000 	C:\Windows\System32\KERNELBASE.dll
0x00007fff33b40000 - 0x00007fff33c3a000 	C:\Windows\System32\ucrtbase.dll
0x00007fff00190000 - 0x00007fff001a8000 	C:\Program Files\Android\Android Studio\jbr\bin\jli.dll
0x00007fff35460000 - 0x00007fff355f4000 	C:\Windows\System32\USER32.dll
0x00007fff33cc0000 - 0x00007fff33ce1000 	C:\Windows\System32\win32u.dll
0x00007fff368c0000 - 0x00007fff368e6000 	C:\Windows\System32\GDI32.dll
0x00007fff33950000 - 0x00007fff33ae4000 	C:\Windows\System32\gdi32full.dll
0x00007fff17760000 - 0x00007fff1777b000 	C:\Program Files\Android\Android Studio\jbr\bin\VCRUNTIME140.dll
0x00007fff341a0000 - 0x00007fff3423e000 	C:\Windows\System32\msvcp_win.dll
0x00007fff24080000 - 0x00007fff24305000 	C:\Windows\WinSxS\amd64_microsoft.windows.common-controls_6595b64144ccf1df_6.0.18362.592_none_e6c0b1911312be02\COMCTL32.dll
0x00007fff363c0000 - 0x00007fff3645e000 	C:\Windows\System32\msvcrt.dll
0x00007fff36570000 - 0x00007fff368a6000 	C:\Windows\System32\combase.dll
0x00007fff35170000 - 0x00007fff35290000 	C:\Windows\System32\RPCRT4.dll
0x00007fff33c40000 - 0x00007fff33cc0000 	C:\Windows\System32\bcryptPrimitives.dll
0x00007fff368f0000 - 0x00007fff3691e000 	C:\Windows\System32\IMM32.DLL
0x00007fff25390000 - 0x00007fff2539c000 	C:\Program Files\Android\Android Studio\jbr\bin\vcruntime140_1.dll
0x00007ffeec1d0000 - 0x00007ffeec25d000 	C:\Program Files\Android\Android Studio\jbr\bin\msvcp140.dll
0x00007ffeecdd0000 - 0x00007ffeeda53000 	C:\Program Files\Android\Android Studio\jbr\bin\server\jvm.dll
0x00007fff35060000 - 0x00007fff35103000 	C:\Windows\System32\ADVAPI32.dll
0x00007fff364d0000 - 0x00007fff36567000 	C:\Windows\System32\sechost.dll
0x00007fff338c0000 - 0x00007fff3390a000 	C:\Windows\System32\POWRPROF.dll
0x00007fff33890000 - 0x00007fff338a0000 	C:\Windows\System32\UMPDC.dll
0x00007fff353e0000 - 0x00007fff3544f000 	C:\Windows\System32\WS2_32.dll
0x00007fff2edf0000 - 0x00007fff2edfa000 	C:\Windows\SYSTEM32\VERSION.dll
0x00007fff30b10000 - 0x00007fff30b34000 	C:\Windows\SYSTEM32\WINMM.dll
0x00007fff30ae0000 - 0x00007fff30b0d000 	C:\Windows\SYSTEM32\WINMMBASE.dll
0x00007fff33ea0000 - 0x00007fff33eea000 	C:\Windows\System32\cfgmgr32.dll
0x00007fff33930000 - 0x00007fff33941000 	C:\Windows\System32\kernel.appcore.dll
0x00007fff23cb0000 - 0x00007fff23cba000 	C:\Program Files\Android\Android Studio\jbr\bin\jimage.dll
0x00007fff22560000 - 0x00007fff22754000 	C:\Windows\SYSTEM32\DBGHELP.DLL
0x00007fff1fba0000 - 0x00007fff1fbca000 	C:\Windows\SYSTEM32\dbgcore.DLL
0x00007fff1b340000 - 0x00007fff1b34e000 	C:\Program Files\Android\Android Studio\jbr\bin\instrument.dll
0x00007fff17470000 - 0x00007fff17490000 	C:\Program Files\Android\Android Studio\jbr\bin\java.dll
0x00007fff17160000 - 0x00007fff17178000 	C:\Program Files\Android\Android Studio\jbr\bin\zip.dll
0x00007fff35840000 - 0x00007fff35f25000 	C:\Windows\System32\SHELL32.dll
0x00007fff34ee0000 - 0x00007fff34f89000 	C:\Windows\System32\shcore.dll
0x00007fff34240000 - 0x00007fff349bf000 	C:\Windows\System32\windows.storage.dll
0x00007fff338a0000 - 0x00007fff338bf000 	C:\Windows\System32\profapi.dll
0x00007fff357e0000 - 0x00007fff35832000 	C:\Windows\System32\shlwapi.dll
0x00007fff33b20000 - 0x00007fff33b37000 	C:\Windows\System32\cryptsp.dll
0x00007fff1ff70000 - 0x00007fff1ff80000 	C:\Program Files\Android\Android Studio\jbr\bin\net.dll
0x00007fff28d60000 - 0x00007fff28e50000 	C:\Windows\SYSTEM32\WINHTTP.dll
0x00007fff330a0000 - 0x00007fff33107000 	C:\Windows\system32\mswsock.dll
0x00007fff14400000 - 0x00007fff14416000 	C:\Program Files\Android\Android Studio\jbr\bin\nio.dll
0x00007fff1e840000 - 0x00007fff1e850000 	C:\Program Files\Android\Android Studio\jbr\bin\verify.dll
0x00007fff00b80000 - 0x00007fff00ba7000 	C:\Users\user\.gradle\native\c067742578af261105cb4f569cf0c3c89f3d7b1fecec35dd04571415982c5e48\windows-amd64\native-platform.dll
0x00007ffeeac10000 - 0x00007ffeead54000 	C:\Users\user\.gradle\native\100fb08df4bc3b14c8652ba06237920a3bd2aa13389f12d3474272988ae205f9\windows-amd64\native-platform-file-events.dll
0x00007fff1ed90000 - 0x00007fff1ed99000 	C:\Program Files\Android\Android Studio\jbr\bin\management.dll
0x00007fff1ec20000 - 0x00007fff1ec2b000 	C:\Program Files\Android\Android Studio\jbr\bin\management_ext.dll
0x00007fff353d0000 - 0x00007fff353d8000 	C:\Windows\System32\PSAPI.DLL
0x00007fff32c10000 - 0x00007fff32c43000 	C:\Windows\system32\rsaenh.dll
0x00007fff33af0000 - 0x00007fff33b16000 	C:\Windows\System32\bcrypt.dll
0x00007fff33780000 - 0x00007fff337a5000 	C:\Windows\SYSTEM32\USERENV.dll
0x00007fff33270000 - 0x00007fff3327c000 	C:\Windows\SYSTEM32\CRYPTBASE.dll
0x00007fff32db0000 - 0x00007fff32dea000 	C:\Windows\SYSTEM32\IPHLPAPI.DLL
0x00007fff368b0000 - 0x00007fff368b8000 	C:\Windows\System32\NSI.dll
0x00007fff1f2b0000 - 0x00007fff1f2b9000 	C:\Program Files\Android\Android Studio\jbr\bin\extnet.dll
0x00007fff26690000 - 0x00007fff26697000 	C:\Windows\system32\wshunix.dll

dbghelp: loaded successfully - version: 4.0.5 - missing functions: none
symbol engine: initialized successfully - sym options: 0x614 - pdb path: .;C:\Program Files\Android\Android Studio\jbr\bin;C:\Windows\SYSTEM32;C:\Windows\WinSxS\amd64_microsoft.windows.common-controls_6595b64144ccf1df_6.0.18362.592_none_e6c0b1911312be02;C:\Program Files\Android\Android Studio\jbr\bin\server;C:\Users\user\.gradle\native\c067742578af261105cb4f569cf0c3c89f3d7b1fecec35dd04571415982c5e48\windows-amd64;C:\Users\user\.gradle\native\100fb08df4bc3b14c8652ba06237920a3bd2aa13389f12d3474272988ae205f9\windows-amd64

VM Arguments:
jvm_args: --add-opens=java.base/java.util=ALL-UNNAMED --add-opens=java.base/java.lang=ALL-UNNAMED --add-opens=java.base/java.lang.invoke=ALL-UNNAMED --add-opens=java.prefs/java.util.prefs=ALL-UNNAMED --add-exports=jdk.compiler/com.sun.tools.javac.api=ALL-UNNAMED --add-exports=jdk.compiler/com.sun.tools.javac.util=ALL-UNNAMED --add-opens=java.base/java.nio.charset=ALL-UNNAMED --add-opens=java.base/java.net=ALL-UNNAMED --add-opens=java.base/java.util.concurrent.atomic=ALL-UNNAMED -Xmx2048m -Dfile.encoding=UTF-8 -Duser.country=IN -Duser.language=en -Duser.variant -javaagent:C:\Users\user\.gradle\wrapper\dists\gradle-8.10.2-bin\a04bxjujx95o3nb99gddekhwo\gradle-8.10.2\lib\agents\gradle-instrumentation-agent-8.10.2.jar 
java_command: org.gradle.launcher.daemon.bootstrap.GradleDaemon 8.10.2
java_class_path (initial): C:\Users\user\.gradle\wrapper\dists\gradle-8.10.2-bin\a04bxjujx95o3nb99gddekhwo\gradle-8.10.2\lib\gradle-daemon-main-8.10.2.jar
Launcher Type: SUN_STANDARD

[Global flags]
     intx CICompilerCount                          = 2                                         {product} {ergonomic}
     uint ConcGCThreads                            = 1                                         {product} {ergonomic}
     uint G1ConcRefinementThreads                  = 2                                         {product} {ergonomic}
   size_t G1HeapRegionSize                         = 1048576                                   {product} {ergonomic}
    uintx GCDrainStackTargetSize                   = 64                                        {product} {ergonomic}
   size_t InitialHeapSize                          = 67108864                                  {product} {ergonomic}
   size_t MarkStackSize                            = 4194304                                   {product} {ergonomic}
   size_t MaxHeapSize                              = 2147483648                                {product} {command line}
   size_t MaxNewSize                               = 1287651328                                {product} {ergonomic}
   size_t MinHeapDeltaBytes                        = 1048576                                   {product} {ergonomic}
   size_t MinHeapSize                              = 8388608                                   {product} {ergonomic}
    uintx NonNMethodCodeHeapSize                   = 5826188                                {pd product} {ergonomic}
    uintx NonProfiledCodeHeapSize                  = 122916026                              {pd product} {ergonomic}
    uintx ProfiledCodeHeapSize                     = 122916026                              {pd product} {ergonomic}
    uintx ReservedCodeCacheSize                    = 251658240                              {pd product} {ergonomic}
     bool SegmentedCodeCache                       = true                                      {product} {ergonomic}
   size_t SoftMaxHeapSize                          = 2147483648                             {manageable} {ergonomic}
     bool UseCompressedOops                        = true                           {product lp64_product} {ergonomic}
     bool UseG1GC                                  = true                                      {product} {ergonomic}
     bool UseLargePagesIndividualAllocation        = false                                  {pd product} {ergonomic}

Logging:
Log output configuration:
 #0: stdout all=warning uptime,level,tags foldmultilines=false
 #1: stderr all=off uptime,level,tags foldmultilines=false

Environment Variables:
PATH=C:\Windows\system32;C:\Windows;C:\Windows\System32\Wbem;C:\Windows\System32\WindowsPowerShell\v1.0\;C:\Windows\System32\OpenSSH\;C:\Users\user\AppData\Local\Programs\Python\Python313\Scripts\;C:\Users\user\AppData\Local\Programs\Python\Python313\;C:\Users\user\AppData\Local\Microsoft\WindowsApps;C:\Users\user\AppData\Local\Programs\Microsoft VS Code\bin
USERNAME=user
OS=Windows_NT
PROCESSOR_IDENTIFIER=Intel64 Family 6 Model 23 Stepping 10, GenuineIntel
TMP=C:\Users\user\AppData\Local\Temp
TEMP=C:\Users\user\AppData\Local\Temp




Periodic native trim disabled

JNI global refs:
JNI global refs: 25, weak refs: 4

JNI global refs memory usage: 835, weak refs: 833

Process memory usage:
Resident Set Size: 471488K (11% of 4193588K total physical memory with 261364K free physical memory)

OOME stack traces (most recent first):
Classloader memory used:
Loader org.gradle.internal.classloader.VisitableURLClassLoader                         : 44144K
Loader bootstrap                                                                       : 29361K
Loader org.gradle.internal.classloader.VisitableURLClassLoader$InstrumentingVisitableURLClassLoader: 28746K
Loader org.gradle.initialization.MixInLegacyTypesClassLoader                           : 14445K
Loader org.gradle.internal.classloader.VisitableURLClassLoader                         : 8679K
Loader jdk.internal.reflect.DelegatingClassLoader                                      : 775K
Loader jdk.internal.loader.ClassLoaders$PlatformClassLoader                            : 549K
Loader jdk.internal.loader.ClassLoaders$AppClassLoader                                 : 234K
Loader org.gradle.groovy.scripts.internal.DefaultScriptCompilationHandler$ScriptClassLoader: 90792B
Loader org.codehaus.groovy.runtime.callsite.CallSiteClassLoader                        : 56648B

Classes loaded by more than one classloader:
Class Program                                                                         : loaded 5 times (x 68B)
Class com.google.common.collect.Iterators$MergingIterator                             : loaded 3 times (x 77B)
Class com.google.common.collect.ImmutableList$SubList                                 : loaded 3 times (x 204B)
Class com.google.common.collect.RegularImmutableMap$KeySet                            : loaded 3 times (x 146B)
Class com.google.common.collect.ImmutableSet$SetBuilderImpl                           : loaded 3 times (x 72B)
Class com.google.common.collect.ImmutableList                                         : loaded 3 times (x 202B)
Class Build_gradle                                                                    : loaded 3 times (x 126B)
Class com.google.common.base.CharMatcher$InRange                                      : loaded 3 times (x 107B)
Class com.google.common.collect.ImmutableSet$Builder                                  : loaded 3 times (x 81B)
Class com.google.common.collect.ImmutableMapEntrySet$RegularEntrySet                  : loaded 3 times (x 147B)
Class com.google.common.collect.RangeSet                                              : loaded 3 times (x 66B)
Class com.google.common.base.CharMatcher$NamedFastMatcher                             : loaded 3 times (x 108B)
Class com.google.common.base.CharMatcher$1                                            : loaded 3 times (x 109B)
Class com.google.common.base.CharMatcher$IsEither                                     : loaded 3 times (x 107B)
Class com.google.common.base.Joiner$2                                                 : loaded 3 times (x 75B)
Class com.google.common.collect.RangeGwtSerializationDependencies                     : loaded 3 times (x 67B)
Class com.google.common.base.CharMatcher                                              : loaded 3 times (x 107B)
Class com.google.common.collect.PeekingIterator                                       : loaded 3 times (x 66B)
Class com.google.common.base.Joiner$1                                                 : loaded 3 times (x 76B)
Class com.google.common.base.Preconditions                                            : loaded 3 times (x 67B)
Class com.google.common.base.CharMatcher$Is                                           : loaded 3 times (x 107B)
Class com.google.common.base.CharMatcher$Negated                                      : loaded 3 times (x 109B)
Class com.google.common.collect.RegularImmutableMap$BucketOverflowException           : loaded 3 times (x 78B)
Class com.google.common.collect.ImmutableSet$RegularSetBuilderImpl                    : loaded 3 times (x 73B)
Class com.google.common.collect.ImmutableRangeSet$ComplementRanges                    : loaded 3 times (x 203B)
Class org.gradle.internal.IoActions                                                   : loaded 3 times (x 67B)
Class com.google.common.collect.ImmutableList$1                                       : loaded 3 times (x 93B)
Class org.gradle.api.GradleException                                                  : loaded 3 times (x 78B)
Class com.google.common.collect.ImmutableEntry                                        : loaded 3 times (x 78B)
Class [Lcom.google.common.collect.AbstractMapEntry;                                   : loaded 3 times (x 65B)
Class com.google.common.base.CharMatcher$NegatedFastMatcher                           : loaded 3 times (x 109B)
Class com.google.common.collect.AbstractRangeSet                                      : loaded 3 times (x 110B)
Class com.google.common.base.Predicate                                                : loaded 3 times (x 66B)
Class com.google.common.collect.ImmutableMap                                          : loaded 3 times (x 116B)
Class com.google.common.collect.RegularImmutableMap                                   : loaded 3 times (x 117B)
Class com.google.common.collect.ImmutableMap$MapViewOfValuesAsSingletonSets           : loaded 3 times (x 121B)
Class com.google.common.base.CharMatcher$FastMatcher                                  : loaded 3 times (x 107B)
Class org.gradle.internal.Cast                                                        : loaded 3 times (x 67B)
Class org.gradle.api.Action                                                           : loaded 3 times (x 66B)
Class com.google.common.base.CharMatcher$Or                                           : loaded 3 times (x 108B)
Class com.google.common.base.CharMatcher$BitSetMatcher                                : loaded 3 times (x 108B)
Class com.google.common.collect.ImmutableSet                                          : loaded 3 times (x 141B)
Class com.google.common.collect.RegularImmutableMap$Values                            : loaded 3 times (x 203B)
Class com.google.common.collect.ImmutableRangeSet$Builder                             : loaded 3 times (x 73B)
Class Build_gradle$1                                                                  : loaded 3 times (x 70B)
Class [Lcom.google.common.collect.ImmutableEntry;                                     : loaded 3 times (x 65B)
Class com.google.common.collect.RegularImmutableList                                  : loaded 3 times (x 208B)
Class com.google.common.collect.UnmodifiableListIterator                              : loaded 3 times (x 91B)
Class com.google.common.base.Function                                                 : loaded 3 times (x 66B)
Class com.google.common.collect.ImmutableMapEntry$NonTerminalImmutableMapEntry        : loaded 3 times (x 81B)
Class com.google.common.collect.ImmutableMultimap                                     : loaded 3 times (x 143B)
Class com.google.common.collect.ImmutableMapEntry                                     : loaded 3 times (x 81B)
Class com.google.common.collect.RegularImmutableSortedSet                             : loaded 3 times (x 295B)
Class com.google.common.base.CharMatcher$IsNot                                        : loaded 3 times (x 107B)
Class com.google.common.collect.RegularImmutableSet                                   : loaded 3 times (x 144B)
Class com.google.common.collect.ImmutableSortedSet                                    : loaded 3 times (x 295B)
Class com.google.common.collect.ImmutableAsList                                       : loaded 3 times (x 205B)
Class com.google.common.collect.Iterators$9                                           : loaded 3 times (x 77B)
Class com.google.common.collect.Lists                                                 : loaded 3 times (x 67B)
Class com.google.common.collect.ImmutableSet$CachingAsList                            : loaded 3 times (x 143B)
Class com.google.common.base.CharMatcher$AnyOf                                        : loaded 3 times (x 108B)
Class com.google.common.collect.ImmutableCollection                                   : loaded 3 times (x 121B)
Class com.google.common.base.CharMatcher$ForPredicate                                 : loaded 3 times (x 108B)
Class com.google.common.collect.Iterators$5                                           : loaded 3 times (x 78B)
Class com.google.common.collect.ImmutableBiMap                                        : loaded 3 times (x 139B)
Class com.google.common.collect.Iterators$4                                           : loaded 3 times (x 78B)
Class com.google.common.collect.SortedIterable                                        : loaded 3 times (x 66B)
Class com.google.common.collect.ImmutableMap$IteratorBasedImmutableMap                : loaded 3 times (x 121B)
Class com.google.common.collect.SingletonImmutableSet                                 : loaded 3 times (x 142B)
Class com.google.common.collect.Iterators$1                                           : loaded 3 times (x 77B)
Class com.google.common.collect.ImmutableList$ReverseImmutableList                    : loaded 3 times (x 204B)
Class [Lcom.google.common.collect.ImmutableMapEntry;                                  : loaded 3 times (x 65B)
Class org.gradle.api.UncheckedIOException                                             : loaded 3 times (x 78B)
Class com.google.common.collect.SingletonImmutableList                                : loaded 3 times (x 203B)
Class com.google.common.collect.Iterables                                             : loaded 3 times (x 67B)
Class com.google.common.collect.Multimap                                              : loaded 3 times (x 66B)
Class com.google.common.collect.ImmutableRangeSet                                     : loaded 3 times (x 111B)
Class com.google.common.collect.ImmutableMap$Builder                                  : loaded 3 times (x 78B)
Class com.google.common.collect.ImmutableMapEntrySet                                  : loaded 3 times (x 147B)
Class com.google.common.collect.AbstractIndexedListIterator                           : loaded 3 times (x 92B)
Class com.google.common.collect.ObjectArrays                                          : loaded 3 times (x 67B)
Class com.google.common.collect.AbstractIterator                                      : loaded 3 times (x 78B)
Class com.google.common.collect.BiMap                                                 : loaded 3 times (x 66B)
Class com.google.common.collect.ImmutableMap$1                                        : loaded 3 times (x 77B)
Class com.google.common.collect.IndexedImmutableSet                                   : loaded 3 times (x 146B)
Class com.google.common.base.CharMatcher$And                                          : loaded 3 times (x 108B)
Class com.google.common.collect.Lists$StringAsImmutableList                           : loaded 3 times (x 203B)
Class com.google.common.collect.Iterators                                             : loaded 3 times (x 67B)
Class com.google.common.collect.Range                                                 : loaded 3 times (x 83B)
Class com.google.common.collect.RegularImmutableAsList                                : loaded 3 times (x 212B)
Class com.google.common.collect.ImmutableRangeSet$1                                   : loaded 3 times (x 205B)
Class com.google.common.collect.AbstractMultimap                                      : loaded 3 times (x 119B)
Class com.google.common.collect.ImmutableList$Builder                                 : loaded 3 times (x 73B)
Class com.google.common.collect.AbstractMapEntry                                      : loaded 3 times (x 77B)
Class com.google.common.collect.UnmodifiableIterator                                  : loaded 3 times (x 76B)
Class com.google.common.collect.Platform                                              : loaded 3 times (x 67B)
Class com.google.common.base.Joiner                                                   : loaded 3 times (x 75B)
Class com.google.common.collect.BaseImmutableMultimap                                 : loaded 3 times (x 119B)
Class com.google.common.collect.ImmutableCollection$Builder                           : loaded 3 times (x 72B)
Class com.google.common.collect.Iterators$ArrayItr                                    : loaded 3 times (x 93B)
Class com.google.common.collect.ImmutableRangeSet$AsSet                               : loaded 3 times (x 295B)
Class com.amazon.ion.impl.bin.IonRawBinaryWriter                                      : loaded 2 times (x 165B)
Class com.amazon.ion.SymbolToken                                                      : loaded 2 times (x 66B)
Class kotlin.text.StringsKt__StringNumberConversionsJVMKt                             : loaded 2 times (x 67B)
Class com.google.common.collect.NaturalOrdering                                       : loaded 2 times (x 111B)
Class kotlin.text.MatchResult                                                         : loaded 2 times (x 66B)
Class kotlin.sequences.SequenceScope                                                  : loaded 2 times (x 69B)
Class kotlin.sequences.Sequence                                                       : loaded 2 times (x 66B)
Class org.gradle.tooling.ToolingModelContract                                         : loaded 2 times (x 66B)
Class [Lorg.gradle.api.internal.ClassPathProvider;                                    : loaded 2 times (x 65B)
Class org.gradle.api.internal.ClassPathProvider                                       : loaded 2 times (x 66B)
Class [Lorg.objectweb.asm.AnnotationVisitor;                                          : loaded 2 times (x 65B)
Class com.google.common.collect.Sets$3                                                : loaded 2 times (x 135B)
Class com.google.common.util.concurrent.AbstractFuture$SafeAtomicHelper               : loaded 2 times (x 75B)
Class com.google.common.cache.LocalCache$LocalLoadingCache                            : loaded 2 times (x 130B)
Class com.google.common.base.AbstractIterator$State                                   : loaded 2 times (x 75B)
Class com.amazon.ion.impl.lite.IonBoolLite                                            : loaded 2 times (x 174B)
Class org.gradle.internal.impldep.gnu.trove.TObjectHash$NULL                          : loaded 2 times (x 67B)
Class kotlin.collections.CollectionsKt___CollectionsKt$asSequence$$inlined$Sequence$1 : loaded 2 times (x 71B)
Class org.gradle.internal.service.UnknownServiceException                             : loaded 2 times (x 79B)
Class com.google.common.collect.Sets$4                                                : loaded 2 times (x 135B)
Class org.objectweb.asm.ModuleVisitor                                                 : loaded 2 times (x 77B)
Class com.google.common.cache.LocalCache$Strength$1                                   : loaded 2 times (x 77B)
Class org.gradle.internal.impldep.gnu.trove.PrimeFinder                               : loaded 2 times (x 67B)
Class org.jetbrains.kotlin.idea.gradleTooling.model.kapt.KaptGradleModel              : loaded 2 times (x 66B)
Class org.jetbrains.kotlin.idea.gradleTooling.KotlinDslScriptAdditionalTask           : loaded 2 times (x 66B)
Class org.jetbrains.plugins.gradle.model.ClasspathEntryModel                          : loaded 2 times (x 66B)
Class com.google.common.util.concurrent.SettableFuture                                : loaded 2 times (x 110B)
Class com.google.common.cache.LocalCache$Strength$2                                   : loaded 2 times (x 77B)
Class com.amazon.ion.IonTimestamp                                                     : loaded 2 times (x 66B)
Class com.amazon.ion.impl.bin.PooledBlockAllocatorProvider$PooledBlockAllocator       : loaded 2 times (x 77B)
Class org.jetbrains.plugins.gradle.tooling.serialization.GradleExtensionsSerializationService: loaded 2 times (x 73B)
Class com.android.ide.gradle.model.AdditionalClassifierArtifactsModelParameter        : loaded 2 times (x 66B)
Class org.gradle.api.JavaVersion                                                      : loaded 2 times (x 75B)
Class org.gradle.tooling.model.Dependency                                             : loaded 2 times (x 66B)
Class com.google.common.collect.TransformedIterator                                   : loaded 2 times (x 76B)
Class com.android.builder.model.v2.ide.AbstractArtifact                               : loaded 2 times (x 66B)
Class com.google.common.cache.LocalCache$Strength$3                                   : loaded 2 times (x 77B)
Class com.google.common.collect.MapDifference                                         : loaded 2 times (x 66B)
Class com.google.common.base.Splitter$1                                               : loaded 2 times (x 73B)
Class com.amazon.ion.IonDatagram                                                      : loaded 2 times (x 66B)
Class com.amazon.ion.impl._Private_RecyclingStack$ElementFactory                      : loaded 2 times (x 66B)
Class com.amazon.ion.impl.bin.IonManagedBinaryWriter$ImportedSymbolResolverMode$1$1   : loaded 2 times (x 74B)
Class com.amazon.ion.impl._Private_ByteTransferSink                                   : loaded 2 times (x 66B)
Class com.intellij.openapi.externalSystem.model.project.dependencies.ResolutionState  : loaded 2 times (x 75B)
Class kotlin.text.StringsKt__RegexExtensionsJVMKt                                     : loaded 2 times (x 67B)
Class com.google.common.collect.AllEqualOrdering                                      : loaded 2 times (x 110B)
Class kotlin.collections.ArraysKt___ArraysJvmKt                                       : loaded 2 times (x 67B)
Class kotlin.collections.CollectionsKt__CollectionsKt                                 : loaded 2 times (x 67B)
Class org.objectweb.asm.FieldWriter                                                   : loaded 2 times (x 74B)
Class com.google.common.cache.CacheBuilder$NullListener                               : loaded 2 times (x 78B)
Class org.jetbrains.plugins.gradle.model.ExternalLibraryDependency                    : loaded 2 times (x 66B)
Class kotlin.text.Regex$Companion                                                     : loaded 2 times (x 67B)
Class org.gradle.internal.classpath.TransformedClassPath                              : loaded 2 times (x 92B)
Class org.gradle.internal.classloader.InstrumentingClassLoader                        : loaded 2 times (x 66B)
Class com.amazon.ion.impl.SharedSymbolTable                                           : loaded 2 times (x 89B)
Class com.google.common.collect.ImmutableListMultimap                                 : loaded 2 times (x 172B)
Class com.google.common.cache.CacheLoader$FunctionToCacheLoader                       : loaded 2 times (x 71B)
Class com.google.common.collect.Sets$2                                                : loaded 2 times (x 135B)
Class com.android.builder.model.v2.models.BasicAndroidProject                         : loaded 2 times (x 66B)
Class com.amazon.ion.IonValue                                                         : loaded 2 times (x 66B)
Class kotlin.jvm.internal.FunctionReference                                           : loaded 2 times (x 118B)
Class [Lkotlin.coroutines.intrinsics.CoroutineSingletons;                             : loaded 2 times (x 65B)
Class kotlin.jvm.internal.FunctionBase                                                : loaded 2 times (x 66B)
Class kotlin.enums.EnumEntriesList                                                    : loaded 2 times (x 219B)
Class com.google.common.collect.EmptyImmutableListMultimap                            : loaded 2 times (x 172B)
Class com.google.common.collect.Maps$ViewCachingAbstractMap                           : loaded 2 times (x 121B)
Class org.gradle.api.internal.DefaultClassPathProvider                                : loaded 2 times (x 72B)
Class com.google.common.base.MoreObjects                                              : loaded 2 times (x 67B)
Class com.amazon.ion.impl.bin.IonRawBinaryWriter$ContainerType                        : loaded 2 times (x 75B)
Class com.amazon.ion.impl._Private_IonTextWriterBuilder$Mutable                       : loaded 2 times (x 97B)
Class kotlin.comparisons.ComparisonsKt___ComparisonsJvmKt                             : loaded 2 times (x 67B)
Class kotlin.collections.CollectionsKt__IteratorsJVMKt                                : loaded 2 times (x 67B)
Class com.android.builder.model.v2.ide.TestInfo$Execution                             : loaded 2 times (x 75B)
Class [Lorg.objectweb.asm.Type;                                                       : loaded 2 times (x 65B)
Class com.google.common.collect.ComparatorOrdering                                    : loaded 2 times (x 111B)
Class kotlin.jvm.internal.ArrayIteratorKt                                             : loaded 2 times (x 67B)
Class org.jetbrains.plugins.gradle.model.IntelliJSettings                             : loaded 2 times (x 66B)
Class org.jetbrains.kotlin.idea.gradleTooling.KotlinSourceSetContainer                : loaded 2 times (x 66B)
Class kotlin.Result                                                                   : loaded 2 times (x 68B)
Class org.gradle.internal.service.ServiceLocator                                      : loaded 2 times (x 66B)
Class com.google.common.base.Ascii                                                    : loaded 2 times (x 67B)
Class com.google.common.collect.SingletonImmutableBiMap                               : loaded 2 times (x 139B)
Class com.google.common.cache.LocalCache$1                                            : loaded 2 times (x 85B)
Class org.jetbrains.kotlin.idea.gradleTooling.model.allopen.AllOpenModel              : loaded 2 times (x 66B)
Class com.amazon.ion.impl.IonWriterSystem                                             : loaded 2 times (x 167B)
Class com.amazon.ion.impl.bin.Symbols$2                                               : loaded 2 times (x 103B)
Class com.amazon.ion.impl.bin._Private_IonManagedWriter                               : loaded 2 times (x 66B)
Class org.jetbrains.kotlin.android.synthetic.idea.AndroidExtensionsGradleModel        : loaded 2 times (x 66B)
Class com.intellij.gradle.toolingExtension.util.GradleVersionUtil                     : loaded 2 times (x 67B)
Class com.android.ide.gradle.model.GradlePropertiesModel                              : loaded 2 times (x 66B)
Class kotlin.sequences.TransformingSequence$iterator$1                                : loaded 2 times (x 75B)
Class kotlin.Pair                                                                     : loaded 2 times (x 68B)
Class org.gradle.tooling.internal.adapter.ProtocolToModelAdapter$SupportedPropertyInvoker: loaded 2 times (x 72B)
Class org.gradle.tooling.model.UnsupportedMethodException                             : loaded 2 times (x 78B)
Class com.android.builder.model.v2.ide.BytecodeTransformation                         : loaded 2 times (x 75B)
Class com.google.common.collect.Sets$ImprovedAbstractSet                              : loaded 2 times (x 131B)
Class org.gradle.internal.impldep.gnu.trove.TObjectIntHashMap                         : loaded 2 times (x 105B)
Class com.google.common.cache.LocalCache$2                                            : loaded 2 times (x 138B)
Class com.intellij.gradle.toolingExtension.impl.model.buildScriptClasspathModel.GradleBuildScriptClasspathSerializationService$ReadContext: loaded 2 times (x 68B)
Class com.amazon.ion.impl.lite.IonContainerLite                                       : loaded 2 times (x 244B)
Class com.amazon.ion.IonBufferConfiguration$OversizedSymbolTableHandler               : loaded 2 times (x 66B)
Class com.amazon.ion.system.IonWriterBuilder                                          : loaded 2 times (x 70B)
Class org.jetbrains.plugins.gradle.tooling.serialization.ToolingStreamApiUtils        : loaded 2 times (x 67B)
Class com.amazon.ion.facet.Faceted                                                    : loaded 2 times (x 66B)
Class kotlin.collections.CollectionsKt__MutableCollectionsKt                          : loaded 2 times (x 67B)
Class com.amazon.ion.impl._Private_IonContainer                                       : loaded 2 times (x 66B)
Class com.android.builder.model.v2.ide.CodeShrinker                                   : loaded 2 times (x 75B)
Class com.google.common.util.concurrent.AbstractFuture$UnsafeAtomicHelper$1           : loaded 2 times (x 72B)
Class com.google.common.base.Splitter                                                 : loaded 2 times (x 68B)
Class com.amazon.ion.impl.bin.utf8.Poolable                                           : loaded 2 times (x 75B)
Class com.amazon.ion.IonSymbol                                                        : loaded 2 times (x 66B)
Class org.jetbrains.plugins.gradle.tooling.serialization.AnnotationProcessingModelSerializationService$WriteContext: loaded 2 times (x 68B)
Class org.gradle.internal.impldep.gnu.trove.THash                                     : loaded 2 times (x 77B)
Class kotlin.io.TerminateException                                                    : loaded 2 times (x 78B)
Class kotlin.io.FilesKt__FilePathComponentsKt                                         : loaded 2 times (x 67B)
Class kotlin.reflect.KCallable                                                        : loaded 2 times (x 66B)
Class org.objectweb.asm.AnnotationVisitor                                             : loaded 2 times (x 74B)
Class com.google.common.util.concurrent.AbstractFuture$Trusted                        : loaded 2 times (x 66B)
Class com.google.common.collect.Sets$1                                                : loaded 2 times (x 135B)
Class com.google.common.base.CharMatcher$RangesMatcher                                : loaded 2 times (x 108B)
Class com.amazon.ion.impl.lite.IonStructLite                                          : loaded 2 times (x 294B)
Class com.amazon.ion.impl._Private_ReaderWriter                                       : loaded 2 times (x 66B)
Class com.amazon.ion.impl.bin.AbstractSymbolTable                                     : loaded 2 times (x 103B)
Class com.amazon.ion.Decimal                                                          : loaded 2 times (x 129B)
Class com.amazon.ion.impl.bin._Private_IonManagedBinaryWriterBuilder$AllocatorMode$1  : loaded 2 times (x 76B)
Class org.jetbrains.plugins.gradle.tooling.serialization.ProjectDependenciesSerializationService$WriteContext: loaded 2 times (x 68B)
Class org.jetbrains.plugins.gradle.tooling.serialization.ProjectDependenciesSerializationService: loaded 2 times (x 73B)
Class kotlin.collections.AbstractIterator                                             : loaded 2 times (x 79B)
Class kotlin.text.CharsKt                                                             : loaded 2 times (x 67B)
Class org.gradle.tooling.model.kotlin.dsl.KotlinDslScriptModel                        : loaded 2 times (x 66B)
Class org.gradle.tooling.internal.adapter.CollectionMapper                            : loaded 2 times (x 69B)
Class [Lcom.android.builder.model.v2.ide.LibraryType;                                 : loaded 2 times (x 65B)
Class com.android.builder.model.v2.ide.LibraryType                                    : loaded 2 times (x 75B)
Class com.google.common.util.concurrent.UncheckedExecutionException                   : loaded 2 times (x 78B)
Class com.android.ide.common.gradle.Numeric                                           : loaded 2 times (x 73B)
Class org.gradle.kotlin.dsl.VersionCatalogAccessorsKt                                 : loaded 2 times (x 67B)
Class com.amazon.ion.impl.lite.IonFloatLite                                           : loaded 2 times (x 182B)
Class com.amazon.ion.impl._Private_IonTextWriterBuilder                               : loaded 2 times (x 97B)
Class com.amazon.ion.impl.bin._Private_IonManagedBinaryWriterBuilder$AllocatorMode$2  : loaded 2 times (x 76B)
Class org.gradle.internal.impldep.gnu.trove.Equality                                  : loaded 2 times (x 66B)
Class com.android.ide.gradle.model.ArtifactIdentifierImpl                             : loaded 2 times (x 73B)
Class com.google.common.collect.ExplicitOrdering                                      : loaded 2 times (x 111B)
Class com.google.common.collect.ImmutableSortedSetFauxverideShim                      : loaded 2 times (x 143B)
Class com.google.common.base.CharMatcher$JavaLetterOrDigit                            : loaded 2 times (x 107B)
Class org.jetbrains.plugins.gradle.ExternalDependencyId                               : loaded 2 times (x 66B)
Class com.amazon.ion.impl._Private_RecyclingStack                                     : loaded 2 times (x 68B)
Class com.amazon.ion.impl._Private_IonReaderBuilder                                   : loaded 2 times (x 91B)
Class com.amazon.ion.IonMutableCatalog                                                : loaded 2 times (x 66B)
Class com.intellij.gradle.toolingExtension.impl.model.buildScriptClasspathModel.GradleBuildScriptClasspathSerializationService$WriteContext: loaded 2 times (x 68B)
Class org.gradle.tooling.internal.adapter.ProtocolToModelAdapter                      : loaded 2 times (x 76B)
Class org.gradle.internal.InternalTransformer                                         : loaded 2 times (x 66B)
Class com.android.builder.model.v2.ide.AndroidGradlePluginProjectFlags$BooleanFlag    : loaded 2 times (x 75B)
Class com.google.common.collect.AbstractMapBasedMultimap$KeySet$1                     : loaded 2 times (x 78B)
Class com.android.ide.common.gradle.Separator                                         : loaded 2 times (x 75B)
Class org.objectweb.asm.ClassWriter                                                   : loaded 2 times (x 102B)
Class com.google.common.cache.CacheLoader$UnsupportedLoadingOperationException        : loaded 2 times (x 78B)
Class org.gradle.tooling.internal.gradle.DefaultProjectIdentifier                     : loaded 2 times (x 82B)
Class org.gradle.internal.impldep.gnu.trove.TObjectCanonicalHashingStrategy           : loaded 2 times (x 76B)
Class kotlin.collections.ArraysKt___ArraysKt$asSequence$$inlined$Sequence$1           : loaded 2 times (x 71B)
Class kotlin.collections.MapsKt__MapsJVMKt                                            : loaded 2 times (x 67B)
Class kotlin.collections.EmptyList                                                    : loaded 2 times (x 170B)
Class org.gradle.internal.time.DefaultTimer                                           : loaded 2 times (x 76B)
Class org.gradle.internal.classloader.ClasspathUtil$1                                 : loaded 2 times (x 72B)
Class org.objectweb.asm.FieldVisitor                                                  : loaded 2 times (x 73B)
Class kotlin.text.StringsKt__AppendableKt                                             : loaded 2 times (x 67B)
Class com.amazon.ion.IonWriter                                                        : loaded 2 times (x 66B)
Class com.amazon.ion.impl.bin._Private_IonRawWriter                                   : loaded 2 times (x 66B)
Class com.amazon.ion.impl.bin.PooledBlockAllocatorProvider$PooledBlockAllocator$1     : loaded 2 times (x 75B)
Class com.amazon.ion.impl.lite.IonStringLite                                          : loaded 2 times (x 208B)
Class org.gradle.tooling.internal.adapter.ProtocolToModelAdapter$ViewKey              : loaded 2 times (x 68B)
Class org.gradle.api.internal.classpath.DefaultModuleRegistry$DefaultModule           : loaded 2 times (x 82B)
Class com.android.ide.common.repository.AgpVersion                                    : loaded 2 times (x 71B)
Class com.android.builder.model.v2.CustomSourceDirectory                              : loaded 2 times (x 66B)
Class com.google.common.primitives.Ints                                               : loaded 2 times (x 67B)
Class com.amazon.ion.impl.bin.IonRawBinaryWriter$PreallocationMode                    : loaded 2 times (x 78B)
Class com.amazon.ion.impl.bin.Block                                                   : loaded 2 times (x 75B)
Class org.jetbrains.kotlin.idea.gradleTooling.model.lombok.LombokModel                : loaded 2 times (x 66B)
Class com.google.common.collect.NullsFirstOrdering                                    : loaded 2 times (x 111B)
Class kotlin.ResultKt                                                                 : loaded 2 times (x 67B)
Class org.gradle.tooling.internal.adapter.ProtocolToModelAdapter$PropertyCachingMethodInvoker: loaded 2 times (x 72B)
Class com.android.builder.model.v2.models.ProjectSyncIssues                           : loaded 2 times (x 66B)
Class com.google.common.math.MathPreconditions                                        : loaded 2 times (x 67B)
Class com.google.common.collect.Multiset                                              : loaded 2 times (x 66B)
Class com.google.common.collect.ArrayListMultimapGwtSerializationDependencies         : loaded 2 times (x 168B)
Class com.amazon.ion.impl.lite.IonSystemLite                                          : loaded 2 times (x 271B)
Class com.google.common.collect.ListMultimap                                          : loaded 2 times (x 66B)
Class com.amazon.ion.impl.bin.utf8.Utf8StringEncoderPool$1                            : loaded 2 times (x 72B)
Class com.amazon.ion.impl.lite.IonLoaderLite                                          : loaded 2 times (x 78B)
Class com.amazon.ion.impl.lite.IonContext                                             : loaded 2 times (x 66B)
Class com.amazon.ion.impl.IonWriterSystemText                                         : loaded 2 times (x 186B)
Class [Lcom.amazon.ion.impl.bin.IonManagedBinaryWriter$ImportedSymbolResolverMode;    : loaded 2 times (x 65B)
Class com.amazon.ion.ValueFactory                                                     : loaded 2 times (x 66B)
Class org.jetbrains.plugins.gradle.model.ExternalTask                                 : loaded 2 times (x 66B)
Class kotlin.collections.ArraysKt__ArraysKt                                           : loaded 2 times (x 67B)
Class kotlin.Result$Failure                                                           : loaded 2 times (x 68B)
Class org.gradle.internal.time.DefaultCountdownTimer                                  : loaded 2 times (x 84B)
Class com.google.common.collect.ImmutableEnumMap                                      : loaded 2 times (x 121B)
Class com.amazon.ion.impl._Private_IonReaderBuilder$TwoElementSequenceInputStream     : loaded 2 times (x 88B)
Class com.amazon.ion.impl.bin.IonManagedBinaryWriter$SymbolResolver                   : loaded 2 times (x 66B)
Class com.amazon.ion.impl._Private_SymbolToken                                        : loaded 2 times (x 66B)
Class com.amazon.ion.impl.bin._Private_IonManagedBinaryWriterBuilder$AllocatorMode    : loaded 2 times (x 76B)
Class org.jetbrains.plugins.gradle.tooling.util.ObjectCollector                       : loaded 2 times (x 68B)
Class org.jetbrains.plugins.gradle.model.GradleTaskModel                              : loaded 2 times (x 66B)
Class kotlin.collections.SetsKt__SetsJVMKt                                            : loaded 2 times (x 67B)
Class org.gradle.tooling.internal.adapter.ProtocolToModelAdapter$AdaptingMethodInvoker: loaded 2 times (x 72B)
Class org.gradle.tooling.internal.gradle.DefaultBuildIdentifier                       : loaded 2 times (x 75B)
Class kotlin.Function                                                                 : loaded 2 times (x 66B)
Class org.gradle.api.internal.classpath.Module                                        : loaded 2 times (x 66B)
Class com.google.common.cache.Weigher                                                 : loaded 2 times (x 66B)
Class com.intellij.openapi.externalSystem.model.project.IExternalSystemSourceType     : loaded 2 times (x 66B)
Class com.amazon.ion.impl._Private_IonReaderBuilder$Mutable                           : loaded 2 times (x 91B)
Class kotlin.io.FileAlreadyExistsException                                            : loaded 2 times (x 78B)
Class kotlin.internal.ProgressionUtilKt                                               : loaded 2 times (x 67B)
Class org.gradle.api.internal.classpath.UnknownModuleException                        : loaded 2 times (x 78B)
Class com.google.common.base.Stopwatch                                                : loaded 2 times (x 68B)
Class com.google.common.cache.LocalCache$Strength                                     : loaded 2 times (x 77B)
Class com.google.common.cache.Cache                                                   : loaded 2 times (x 66B)
Class org.jetbrains.plugins.gradle.tooling.serialization.ProjectDependenciesSerializationService$ReadContext: loaded 2 times (x 68B)
Class org.gradle.internal.impldep.gnu.trove.TObjectIdentityHashingStrategy            : loaded 2 times (x 74B)
Class com.intellij.openapi.externalSystem.model.project.dependencies.ProjectDependencies: loaded 2 times (x 66B)
Class kotlin.sequences.DistinctIterator                                               : loaded 2 times (x 79B)
Class com.google.common.util.concurrent.AbstractFuture$Cancellation                   : loaded 2 times (x 68B)
Class com.android.builder.model.v2.models.AndroidDsl                                  : loaded 2 times (x 66B)
Class com.google.common.base.NullnessCasts                                            : loaded 2 times (x 67B)
Class com.google.common.cache.RemovalListener                                         : loaded 2 times (x 66B)
Class com.amazon.ion.IonBufferConfiguration                                           : loaded 2 times (x 69B)
Class com.amazon.ion.impl.bin.Symbols                                                 : loaded 2 times (x 67B)
Class org.jetbrains.plugins.gradle.tooling.serialization.RepositoriesModelSerializationService: loaded 2 times (x 78B)
Class com.android.ide.gradle.model.artifacts.AdditionalClassifierArtifactsModel       : loaded 2 times (x 66B)
Class org.gradle.tooling.internal.gradle.GradleProjectIdentity                        : loaded 2 times (x 66B)
Class org.gradle.api.internal.DefaultClassPathRegistry                                : loaded 2 times (x 72B)
Class com.google.common.collect.ImmutableMultimap$Keys                                : loaded 2 times (x 162B)
Class com.android.builder.model.v2.ide.JavaArtifact                                   : loaded 2 times (x 66B)
Class com.google.common.primitives.IntsMethodsForWeb                                  : loaded 2 times (x 67B)
Class org.gradle.api.internal.classpath.EffectiveClassPath                            : loaded 2 times (x 86B)
Class [Lcom.amazon.ion.impl.bin.AbstractIonWriter$WriteValueOptimization;             : loaded 2 times (x 65B)
Class org.jetbrains.plugins.gradle.tooling.serialization.RepositoriesModelSerializationService$ReadContext: loaded 2 times (x 68B)
Class kotlin.ranges.ClosedRange                                                       : loaded 2 times (x 66B)
Class org.gradle.api.internal.ClassPathRegistry                                       : loaded 2 times (x 66B)
Class org.gradle.internal.classpath.DefaultClassPath$ImmutableUniqueList              : loaded 2 times (x 195B)
Class com.amazon.ion.impl.bin.IonManagedBinaryWriter$UserState                        : loaded 2 times (x 81B)
Class com.amazon.ion.impl._Private_IonWriter                                          : loaded 2 times (x 66B)
Class com.amazon.ion.impl.bin._Private_IonManagedBinaryWriterBuilder                  : loaded 2 times (x 68B)
Class org.jetbrains.plugins.gradle.tooling.serialization.internal.adapter.InternalBuildIdentifier: loaded 2 times (x 71B)
Class com.intellij.gradle.toolingExtension.impl.model.projectModel.GradleExternalProjectSerializationService$WriteContext: loaded 2 times (x 69B)
Class kotlin.text.StringsKt__StringsJVMKt                                             : loaded 2 times (x 67B)
Class kotlin.collections.IntIterator                                                  : loaded 2 times (x 78B)
Class com.google.common.collect.NullnessCasts                                         : loaded 2 times (x 67B)
Class kotlin.sequences.SequencesKt___SequencesKt$flatMap$2                            : loaded 2 times (x 121B)
Class com.android.builder.model.v2.dsl.SigningConfig                                  : loaded 2 times (x 66B)
Class com.android.builder.model.v2.models.AndroidProject                              : loaded 2 times (x 66B)
Class com.android.builder.model.v2.AndroidModel                                       : loaded 2 times (x 66B)
Class com.google.common.cache.CacheBuilder                                            : loaded 2 times (x 68B)
Class com.google.common.collect.Ordering                                              : loaded 2 times (x 110B)
Class Settings_gradle$1                                                               : loaded 2 times (x 70B)
Class [Lcom.amazon.ion.SymbolToken;                                                   : loaded 2 times (x 65B)
Class kotlin.text.StringsKt__IndentKt                                                 : loaded 2 times (x 67B)
Class kotlin.collections.SetsKt                                                       : loaded 2 times (x 67B)
Class org.jetbrains.plugins.gradle.tooling.serialization.internal.IdeaProjectSerializationService: loaded 2 times (x 73B)
Class org.gradle.internal.classpath.ClassPath                                         : loaded 2 times (x 66B)
Class [Lcom.android.ide.common.repository.AgpVersion$PreviewKind;                     : loaded 2 times (x 65B)
Class com.google.common.base.JdkPattern                                               : loaded 2 times (x 71B)
Class org.jetbrains.plugins.gradle.model.ExternalProjectDependency                    : loaded 2 times (x 66B)
Class org.jetbrains.plugins.gradle.tooling.serialization.KotlinDslScriptsModelSerializationService: loaded 2 times (x 77B)
Class kotlin.reflect.KFunction                                                        : loaded 2 times (x 66B)
Class kotlin.collections.ArrayDeque                                                   : loaded 2 times (x 203B)
Class org.objectweb.asm.SymbolTable$Entry                                             : loaded 2 times (x 70B)
Class com.google.common.util.concurrent.AbstractFuture$AtomicHelper                   : loaded 2 times (x 74B)
Class com.amazon.ion.impl.bin.IonRawBinaryWriter$PatchList$Node                       : loaded 2 times (x 68B)
Class com.amazon.ion.system.IonSystemBuilder$Mutable                                  : loaded 2 times (x 71B)
Class com.amazon.ion.impl.bin.IonManagedBinaryWriter$SymbolResolverBuilder            : loaded 2 times (x 66B)
Class org.jetbrains.plugins.gradle.tooling.serialization.ExternalTestsSerializationService$WriteContext: loaded 2 times (x 68B)
Class org.jetbrains.kotlin.idea.gradleTooling.KotlinGradleModel                       : loaded 2 times (x 66B)
Class kotlin.collections.MapsKt__MapsKt                                               : loaded 2 times (x 67B)
Class kotlin.jvm.internal.Lambda                                                      : loaded 2 times (x 71B)
Class com.android.builder.model.v2.ide.Variant                                        : loaded 2 times (x 66B)
Class org.objectweb.asm.Edge                                                          : loaded 2 times (x 68B)
Class com.google.common.base.Suppliers$SupplierOfInstance                             : loaded 2 times (x 75B)
Class org.gradle.internal.classloader.ClassLoaderVisitor                              : loaded 2 times (x 72B)
Class com.amazon.ion.impl.bin.IonManagedBinaryWriter$LocalSymbolTableView             : loaded 2 times (x 103B)
Class com.android.ide.gradle.model.ArtifactIdentifier                                 : loaded 2 times (x 66B)
Class org.gradle.tooling.model.Model                                                  : loaded 2 times (x 66B)
Class com.google.common.cache.LocalCache$ComputingValueReference                      : loaded 2 times (x 92B)
Class kotlin.collections.AbstractList$Companion                                       : loaded 2 times (x 67B)
Class kotlin.sequences.SequencesKt___SequencesKt                                      : loaded 2 times (x 67B)
Class com.amazon.ion.impl.bin.IonRawBinaryWriter$PatchList                            : loaded 2 times (x 81B)
Class com.amazon.ion.UnknownSymbolException                                           : loaded 2 times (x 82B)
Class com.android.ide.gradle.model.composites.BuildMap                                : loaded 2 times (x 66B)
Class kotlin.text.MatchResult$Destructured                                            : loaded 2 times (x 68B)
Class kotlin.Metadata                                                                 : loaded 2 times (x 66B)
Class kotlin.UninitializedPropertyAccessException                                     : loaded 2 times (x 78B)
Class com.android.builder.model.v2.ide.Library                                        : loaded 2 times (x 66B)
Class com.android.builder.model.v2.ide.ArtifactDependenciesAdjacencyList              : loaded 2 times (x 66B)
Class com.android.builder.model.v2.models.Versions                                    : loaded 2 times (x 66B)
Class com.google.common.cache.LocalCache$Segment                                      : loaded 2 times (x 150B)
Class org.jetbrains.plugins.gradle.model.IntelliJProjectSettings                      : loaded 2 times (x 66B)
Class org.jetbrains.kotlin.idea.gradleTooling.model.annotation.AnnotationBasedPluginModel: loaded 2 times (x 66B)
Class kotlin.sequences.SequencesKt___SequencesKt$filterNotNull$1                      : loaded 2 times (x 74B)
Class org.gradle.tooling.internal.adapter.ProtocolToModelAdapter$MethodInvocationCache: loaded 2 times (x 69B)
Class kotlin.text.MatcherMatchResult$groupValues$1                                    : loaded 2 times (x 194B)
Class com.android.builder.model.v2.models.ndk.NativeModule                            : loaded 2 times (x 66B)
Class [Lorg.objectweb.asm.SymbolTable$Entry;                                          : loaded 2 times (x 65B)
Class com.google.common.cache.CacheLoader                                             : loaded 2 times (x 70B)
Class com.google.common.collect.ReverseNaturalOrdering                                : loaded 2 times (x 110B)
Class com.amazon.ion.impl.bin.IonManagedBinaryWriter$ImportedSymbolResolverMode$2     : loaded 2 times (x 76B)
Class com.google.common.collect.AbstractListMultimap                                  : loaded 2 times (x 168B)
Class org.jetbrains.plugins.gradle.model.ExternalDependency                           : loaded 2 times (x 66B)
Class com.intellij.util.containers.IntObjectHashMap                                   : loaded 2 times (x 68B)
Class org.gradle.internal.installation.GradleInstallation$1                           : loaded 2 times (x 71B)
Class org.gradle.api.internal.classpath.ModuleRegistry                                : loaded 2 times (x 66B)
Class com.android.ide.common.repository.AgpVersion$PreviewKind$Companion              : loaded 2 times (x 67B)
Class com.android.builder.model.v2.ide.PrivacySandboxSdkInfo                          : loaded 2 times (x 66B)
Class com.google.common.util.concurrent.internal.InternalFutureFailureAccess          : loaded 2 times (x 68B)
Class com.google.common.base.CharMatcher$None                                         : loaded 2 times (x 108B)
Class com.google.common.collect.ImmutableSet$JdkBackedSetBuilderImpl                  : loaded 2 times (x 72B)
Class com.google.common.base.Splitter$SplittingIterator                               : loaded 2 times (x 80B)
Class com.amazon.ion.impl.bin.IonManagedBinaryWriter$SymbolState$1                    : loaded 2 times (x 76B)
Class com.amazon.ion.impl.LocalSymbolTableAsStruct$Factory                            : loaded 2 times (x 75B)
Class [Lcom.amazon.ion.IonType;                                                       : loaded 2 times (x 65B)
Class com.intellij.gradle.toolingExtension.impl.model.sourceSetDependencyModel.GradleSourceSetDependencySerialisationService$SourceSetDependencyModelReadContext: loaded 2 times (x 68B)
Class com.intellij.gradle.toolingExtension.impl.model.dependencyModel.DependencyReadContext: loaded 2 times (x 68B)
Class org.jetbrains.plugins.gradle.model.VersionCatalogsModel                         : loaded 2 times (x 66B)
Class com.intellij.gradle.toolingExtension.impl.model.taskIndex.GradleTaskRequest     : loaded 2 times (x 66B)
Class org.gradle.tooling.internal.adapter.ObjectGraphAdapter                          : loaded 2 times (x 66B)
Class com.google.common.collect.ImmutableMultimap$Values                              : loaded 2 times (x 122B)
Class com.android.builder.model.v2.ide.Installation                                   : loaded 2 times (x 66B)
Class com.google.common.util.concurrent.AbstractFuture$UnsafeAtomicHelper             : loaded 2 times (x 74B)
Class com.google.common.cache.LocalCache$LocalManualCache$1                           : loaded 2 times (x 71B)
Class org.gradle.internal.classloader.DefaultClassLoaderFactory                       : loaded 2 times (x 78B)
Class com.amazon.ion.impl.bin.IonManagedBinaryWriter$SymbolState$2                    : loaded 2 times (x 76B)
Class org.jetbrains.plugins.gradle.model.ProjectImportModelProvider                   : loaded 2 times (x 66B)
Class com.amazon.ion.IonNull                                                          : loaded 2 times (x 66B)
Class com.google.common.collect.ImmutableSortedAsList                                 : loaded 2 times (x 217B)
Class kotlin.text.RegexKt                                                             : loaded 2 times (x 67B)
Class kotlin.coroutines.intrinsics.IntrinsicsKt__IntrinsicsKt                         : loaded 2 times (x 67B)
Class com.android.builder.model.v2.models.ModelBuilderParameter                       : loaded 2 times (x 66B)
Class org.jetbrains.kotlin.idea.gradleTooling.model.noarg.NoArgModel                  : loaded 2 times (x 66B)
Class com.intellij.util.containers.IntObjectHashMap$ArrayProducer                     : loaded 2 times (x 66B)
Class com.amazon.ion.impl.bin.IonRawBinaryWriter$ContainerInfo                        : loaded 2 times (x 72B)
Class com.amazon.ion.impl.bin.IonManagedBinaryWriter$SymbolState$3                    : loaded 2 times (x 76B)
Class com.amazon.ion.impl.bin.IonRawBinaryWriter$StreamFlushMode                      : loaded 2 times (x 75B)
Class com.amazon.ion.IonBinaryWriter                                                  : loaded 2 times (x 66B)
Class com.intellij.gradle.toolingExtension.impl.model.sourceSetArtifactIndex.GradleSourceSetArtifactBuildRequest: loaded 2 times (x 66B)
Class kotlin.io.FilesKt__UtilsKt                                                      : loaded 2 times (x 67B)
Class com.google.common.collect.Lists$TransformingRandomAccessList                    : loaded 2 times (x 195B)
Class kotlin.collections.CollectionsKt__CollectionsJVMKt                              : loaded 2 times (x 67B)
Class org.gradle.api.internal.classpath.DefaultModuleRegistry                         : loaded 2 times (x 82B)
Class com.google.common.util.concurrent.ListenableFuture                              : loaded 2 times (x 66B)
Class com.google.common.cache.ReferenceEntry                                          : loaded 2 times (x 66B)
Class com.amazon.ion.impl.bin.IonManagedBinaryWriter$ImportedSymbolResolverMode$1     : loaded 2 times (x 76B)
Class com.google.common.base.Converter                                                : loaded 2 times (x 86B)
Class com.amazon.ion.impl.lite.IonSymbolLite                                          : loaded 2 times (x 242B)
Class com.google.common.base.CharMatcher$Any                                          : loaded 2 times (x 108B)
Class com.amazon.ion.impl.bin.IonManagedBinaryWriter$SymbolState$4                    : loaded 2 times (x 76B)
Class org.jetbrains.plugins.gradle.tooling.serialization.internal.IdeaProjectSerializationService$WriteContext$1: loaded 2 times (x 79B)
Class org.jetbrains.plugins.gradle.model.ExternalProject                              : loaded 2 times (x 66B)
Class kotlin.collections.CollectionsKt__IteratorsKt                                   : loaded 2 times (x 67B)
Class kotlin.sequences.SequencesKt                                                    : loaded 2 times (x 67B)
Class [Lcom.android.builder.model.v2.ide.CodeShrinker;                                : loaded 2 times (x 65B)
Class com.google.common.util.concurrent.AbstractFuture                                : loaded 2 times (x 102B)
Class com.google.common.base.FunctionalEquivalence                                    : loaded 2 times (x 79B)
Class org.jetbrains.kotlin.idea.gradleTooling.AndroidAwareGradleModelProvider$Companion: loaded 2 times (x 67B)
Class com.google.common.collect.AbstractMapBasedMultimap                              : loaded 2 times (x 135B)
Class [Lcom.amazon.ion.impl.bin.IonRawBinaryWriter$StreamCloseMode;                   : loaded 2 times (x 65B)
Class com.amazon.ion.impl.bin.utf8.Pool                                               : loaded 2 times (x 70B)
Class com.amazon.ion.impl._Private_SymtabExtendsCache                                 : loaded 2 times (x 68B)
Class org.jetbrains.plugins.gradle.tooling.serialization.internal.IdeaProjectSerializationService$WriteContext$2: loaded 2 times (x 79B)
Class kotlin.text.StringsKt                                                           : loaded 2 times (x 67B)
Class com.google.common.collect.ImmutableMultiset                                     : loaded 2 times (x 159B)
Class org.objectweb.asm.RecordComponentVisitor                                        : loaded 2 times (x 73B)
Class com.google.common.cache.CacheLoader$SupplierToCacheLoader                       : loaded 2 times (x 71B)
Class com.amazon.ion.impl._Private_IonSymbol                                          : loaded 2 times (x 66B)
Class com.amazon.ion.impl.lite.IonValueLite                                           : loaded 2 times (x 143B)
Class com.amazon.ion.IonContainer                                                     : loaded 2 times (x 66B)
Class com.amazon.ion.impl.bin.PooledBlockAllocatorProvider                            : loaded 2 times (x 69B)
Class org.jetbrains.plugins.gradle.tooling.serialization.AnnotationProcessingModelSerializationService$ReadContext: loaded 2 times (x 68B)
Class org.jetbrains.plugins.gradle.tooling.serialization.internal.IdeaProjectSerializationService$WriteContext$3: loaded 2 times (x 79B)
Class com.android.ide.gradle.model.artifacts.AdditionalClassifierArtifacts            : loaded 2 times (x 66B)
Class org.gradle.util.internal.DefaultGradleVersion$Stage                             : loaded 2 times (x 71B)
Class kotlin.coroutines.jvm.internal.RestrictedContinuationImpl                       : loaded 2 times (x 83B)
Class com.google.common.collect.Maps$EntryTransformer                                 : loaded 2 times (x 66B)
Class org.jetbrains.kotlin.idea.gradleTooling.AndroidAwareGradleModelProvider         : loaded 2 times (x 79B)
Class org.jetbrains.plugins.gradle.tooling.serialization.internal.IdeaProjectSerializationService$WriteContext$4: loaded 2 times (x 79B)
Class com.intellij.gradle.toolingExtension.impl.model.sourceSetDependencyModel.GradleSourceSetDependencySerialisationService$Companion: loaded 2 times (x 67B)
Class [Lkotlin.Pair;                                                                  : loaded 2 times (x 65B)
Class kotlin.text.StringsKt__StringNumberConversionsKt                                : loaded 2 times (x 67B)
Class kotlin.io.FilesKt__FileReadWriteKt                                              : loaded 2 times (x 67B)
Class com.google.common.collect.UsingToStringOrdering                                 : loaded 2 times (x 110B)
Class kotlin.text.MatchNamedGroupCollection                                           : loaded 2 times (x 66B)
Class kotlin.jvm.internal.markers.KMutableList                                        : loaded 2 times (x 66B)
Class org.gradle.internal.time.MonotonicClock                                         : loaded 2 times (x 73B)
Class org.gradle.internal.service.ServiceLookupException                              : loaded 2 times (x 78B)
Class com.google.common.base.Suppliers                                                : loaded 2 times (x 67B)
Class com.google.common.collect.Lists$ReverseList                                     : loaded 2 times (x 196B)
Class [Lcom.google.common.cache.LocalCache$EntryFactory;                              : loaded 2 times (x 65B)
Class com.google.common.base.CharMatcher$JavaLetter                                   : loaded 2 times (x 107B)
Class com.amazon.ion.BufferConfiguration$Builder                                      : loaded 2 times (x 74B)
Class [Lcom.google.common.cache.CacheBuilder$OneWeigher;                              : loaded 2 times (x 65B)
Class com.intellij.gradle.toolingExtension.impl.model.sourceSetDependencyModel.GradleSourceSetDependencySerialisationService$SourceSetDependencyModelWriteContext: loaded 2 times (x 68B)
Class [Lkotlin.sequences.Sequence;                                                    : loaded 2 times (x 65B)
Class kotlin.sequences.SequencesKt___SequencesKt$sortedWith$1                         : loaded 2 times (x 71B)
Class org.gradle.internal.classloader.ClassLoaderFactory                              : loaded 2 times (x 66B)
Class com.android.builder.model.v2.ide.LibraryInfo                                    : loaded 2 times (x 66B)
Class com.google.common.cache.LocalCache$LocalManualCache                             : loaded 2 times (x 95B)
Class org.objectweb.asm.MethodTooLargeException                                       : loaded 2 times (x 79B)
Class com.google.common.base.CommonPattern                                            : loaded 2 times (x 70B)
Class com.amazon.ion.impl.bin.IntList                                                 : loaded 2 times (x 73B)
Class com.amazon.ion.impl.lite._Private_LiteDomTrampoline                             : loaded 2 times (x 67B)
Class com.amazon.ion.IonType                                                          : loaded 2 times (x 75B)
Class org.jetbrains.plugins.gradle.tooling.serialization.internal.IdeaProjectSerializationService$WriteContext$6: loaded 2 times (x 79B)
Class org.jetbrains.plugins.gradle.tooling.util.IntObjectMap                          : loaded 2 times (x 69B)
Class com.google.common.collect.ImmutableMap$SerializedForm                           : loaded 2 times (x 69B)
Class org.gradle.internal.service.CachingServiceLocator                               : loaded 2 times (x 78B)
Class com.google.common.base.Platform$JdkPatternCompiler                              : loaded 2 times (x 71B)
Class com.google.common.collect.Streams                                               : loaded 2 times (x 67B)
Class com.google.common.collect.AbstractMapBasedMultimap$KeySet                       : loaded 2 times (x 133B)
Class com.google.common.math.IntMath                                                  : loaded 2 times (x 67B)
Class com.amazon.ion.impl.lite.ValueFactoryLite                                       : loaded 2 times (x 214B)
Class org.jetbrains.plugins.gradle.tooling.serialization.internal.IdeaProjectSerializationService$WriteContext$7: loaded 2 times (x 79B)
Class org.jetbrains.plugins.gradle.model.RepositoryModels                             : loaded 2 times (x 66B)
Class kotlin.collections.AbstractList$SubList                                         : loaded 2 times (x 194B)
Class kotlin.jvm.internal.CallableReference                                           : loaded 2 times (x 102B)
Class com.google.common.collect.Iterators$10                                          : loaded 2 times (x 77B)
Class org.gradle.internal.operations.MultipleBuildOperationFailures                   : loaded 2 times (x 91B)
Class com.google.common.base.CharMatcher$JavaDigit                                    : loaded 2 times (x 107B)
Class com.amazon.ion.impl.bin.WriteBuffer                                             : loaded 2 times (x 74B)
Class com.amazon.ion.impl.bin.IonManagedBinaryWriter                                  : loaded 2 times (x 162B)
Class org.jetbrains.plugins.gradle.tooling.serialization.internal.IdeaProjectSerializationService$WriteContext$8: loaded 2 times (x 79B)
Class [Lorg.gradle.api.JavaVersion;                                                   : loaded 2 times (x 65B)
Class kotlin.ranges.IntRange                                                          : loaded 2 times (x 89B)
Class org.gradle.tooling.model.idea.IdeaDependencyScope                               : loaded 2 times (x 66B)
Class org.gradle.internal.time.TimeSource                                             : loaded 2 times (x 66B)
Class org.gradle.tooling.model.kotlin.dsl.KotlinDslScriptsModel                       : loaded 2 times (x 66B)
Class org.gradle.tooling.internal.adapter.MethodInvocation                            : loaded 2 times (x 81B)
Class com.android.builder.model.v2.ide.TestInfo                                       : loaded 2 times (x 66B)
Class com.google.common.base.Equivalence                                              : loaded 2 times (x 78B)
Class kotlin.sequences.TransformingSequence                                           : loaded 2 times (x 71B)
Class com.intellij.util.ThrowableConsumer                                             : loaded 2 times (x 66B)
Class com.amazon.ion.impl.lite.IonBlobLite                                            : loaded 2 times (x 215B)
Class com.amazon.ion.impl.LocalSymbolTable                                            : loaded 2 times (x 117B)
Class org.jetbrains.plugins.gradle.tooling.serialization.SerializationService         : loaded 2 times (x 66B)
Class org.gradle.tooling.internal.gradle.GradleBuildIdentity                          : loaded 2 times (x 66B)
Class kotlin.enums.EnumEntries                                                        : loaded 2 times (x 66B)
Class com.android.builder.model.v2.ide.JavaCompileOptions                             : loaded 2 times (x 66B)
Class com.google.common.cache.CacheBuilder$OneWeigher                                 : loaded 2 times (x 78B)
Class org.objectweb.asm.ClassVisitor                                                  : loaded 2 times (x 84B)
Class com.amazon.ion.IonList                                                          : loaded 2 times (x 66B)
Class org.jetbrains.plugins.gradle.tooling.serialization.internal.adapter.Supplier    : loaded 2 times (x 66B)
Class org.gradle.tooling.internal.adapter.ProtocolToModelAdapter$MixInMappingAction   : loaded 2 times (x 76B)
Class org.gradle.internal.exceptions.ResolutionProvider                               : loaded 2 times (x 66B)
Class com.google.common.collect.ImmutableBiMapFauxverideShim                          : loaded 2 times (x 116B)
Class com.amazon.ion.IonSystem                                                        : loaded 2 times (x 66B)
Class com.amazon.ion.impl.bin.IonManagedBinaryWriter$ImportedSymbolContext            : loaded 2 times (x 68B)
Class kotlin.text.MatchResult$DefaultImpls                                            : loaded 2 times (x 67B)
Class org.gradle.tooling.model.idea.IdeaCompilerOutput                                : loaded 2 times (x 66B)
Class org.gradle.tooling.model.ProjectIdentifier                                      : loaded 2 times (x 66B)
Class org.gradle.internal.classloader.ClasspathUtil                                   : loaded 2 times (x 67B)
Class com.android.builder.model.v2.ide.ComponentInfo                                  : loaded 2 times (x 66B)
Class com.google.common.base.Charsets                                                 : loaded 2 times (x 67B)
Class com.google.common.util.concurrent.Uninterruptibles                              : loaded 2 times (x 67B)
Class com.android.builder.model.v2.ide.ProjectType                                    : loaded 2 times (x 75B)
Class com.intellij.gradle.toolingExtension.impl.model.sourceSetModel.GradleSourceSetSerialisationService: loaded 2 times (x 73B)
Class kotlin.io.FileSystemException                                                   : loaded 2 times (x 78B)
Class com.android.builder.model.v2.dsl.BaseConfig                                     : loaded 2 times (x 66B)
Class com.google.common.collect.Maps                                                  : loaded 2 times (x 67B)
Class com.google.common.base.CharMatcher$JavaUpperCase                                : loaded 2 times (x 107B)
Class com.amazon.ion.impl.lite.IonIntLite                                             : loaded 2 times (x 185B)
Class com.amazon.ion.util._Private_FastAppendable                                     : loaded 2 times (x 66B)
Class [Lcom.amazon.ion.impl.bin.IonRawBinaryWriter$PreallocationMode;                 : loaded 2 times (x 65B)
Class kotlin.sequences.DistinctSequence                                               : loaded 2 times (x 71B)
Class org.gradle.internal.time.TimeSource$1                                           : loaded 2 times (x 73B)
Class kotlin.jvm.internal.DefaultConstructorMarker                                    : loaded 2 times (x 67B)
Class org.gradle.api.specs.Spec                                                       : loaded 2 times (x 66B)
Class [Lorg.objectweb.asm.Symbol;                                                     : loaded 2 times (x 65B)
Class com.amazon.ion.impl.lite.IonSexpLite                                            : loaded 2 times (x 486B)
Class com.amazon.ion.impl.lite.IonListLite                                            : loaded 2 times (x 486B)
Class com.amazon.ion.IonFloat                                                         : loaded 2 times (x 66B)
Class com.google.common.cache.LocalCache$LoadingValueReference                        : loaded 2 times (x 92B)
Class com.amazon.ion.impl.LocalSymbolTable$Factory                                    : loaded 2 times (x 73B)
Class com.amazon.ion.impl.bin.IonManagedBinaryWriter$ImportedSymbolResolverMode       : loaded 2 times (x 76B)
Class com.intellij.gradle.toolingExtension.impl.model.buildScriptClasspathModel.GradleBuildScriptClasspathSerializationService: loaded 2 times (x 73B)
Class kotlin.jvm.internal.ArrayIterator                                               : loaded 2 times (x 75B)
Class com.android.utils.FileUtils                                                     : loaded 2 times (x 67B)
Class com.google.common.base.Platform                                                 : loaded 2 times (x 67B)
Class com.amazon.ion.impl.LocalSymbolTableAsStruct                                    : loaded 2 times (x 122B)
Class org.jetbrains.plugins.gradle.model.FileCollectionDependency                     : loaded 2 times (x 66B)
Class com.amazon.ion.impl.lite.IonTimestampLite                                       : loaded 2 times (x 188B)
Class org.gradle.internal.impldep.gnu.trove.TObjectHashingStrategy                    : loaded 2 times (x 66B)
Class com.intellij.gradle.toolingExtension.impl.model.utilDummyModel.DummyModel       : loaded 2 times (x 66B)
Class kotlin.collections.EmptyIterator                                                : loaded 2 times (x 85B)
Class kotlin.text.StringsKt__RegexExtensionsKt                                        : loaded 2 times (x 67B)
Class org.gradle.internal.time.Clock                                                  : loaded 2 times (x 66B)
Class com.android.builder.model.v2.dsl.ProductFlavor                                  : loaded 2 times (x 66B)
Class [Lcom.android.builder.model.v2.ide.TestInfo$Execution;                          : loaded 2 times (x 65B)
Class [Lorg.objectweb.asm.AnnotationWriter;                                           : loaded 2 times (x 65B)
Class com.google.common.primitives.Ints$IntConverter                                  : loaded 2 times (x 86B)
Class com.google.common.collect.Maps$8                                                : loaded 2 times (x 78B)
Class com.amazon.ion.IonString                                                        : loaded 2 times (x 66B)
Class org.jetbrains.plugins.gradle.model.jar.JarTaskManifestConfiguration             : loaded 2 times (x 66B)
Class org.jetbrains.plugins.gradle.model.GradleSourceSetDependencyModel               : loaded 2 times (x 66B)
Class kotlin.io.FilePathComponents                                                    : loaded 2 times (x 68B)
Class com.google.common.collect.CompoundOrdering                                      : loaded 2 times (x 111B)
Class kotlin.sequences.SequencesKt__SequencesJVMKt                                    : loaded 2 times (x 67B)
Class kotlin.coroutines.jvm.internal.RestrictedSuspendLambda                          : loaded 2 times (x 87B)
Class org.gradle.tooling.internal.adapter.TypeInspector                               : loaded 2 times (x 69B)
Class org.gradle.tooling.internal.adapter.ProtocolToModelAdapter$NoOpDecoration       : loaded 2 times (x 75B)
Class org.gradle.tooling.model.Element                                                : loaded 2 times (x 66B)
Class kotlin.collections.AbstractList                                                 : loaded 2 times (x 193B)
Class kotlin.collections.AbstractCollection                                           : loaded 2 times (x 113B)
Class com.android.builder.model.v2.ide.AaptOptions$Namespacing                        : loaded 2 times (x 75B)
Class com.google.common.collect.Lists$ReverseList$1                                   : loaded 2 times (x 95B)
Class com.google.common.collect.Sets$SetView                                          : loaded 2 times (x 134B)
Class com.google.common.cache.LocalCache$StrongValueReference                         : loaded 2 times (x 86B)
Class com.google.common.util.concurrent.AbstractFuture$SynchronizedHelper             : loaded 2 times (x 74B)
Class com.google.common.base.CharMatcher$Invisible                                    : loaded 2 times (x 108B)
Class com.amazon.ion.BufferConfiguration                                              : loaded 2 times (x 69B)
Class com.amazon.ion.system.SimpleCatalog                                             : loaded 2 times (x 87B)
Class com.intellij.gradle.toolingExtension.impl.model.taskModel.GradleTaskSerialisationService: loaded 2 times (x 72B)
Class com.android.ide.gradle.model.LegacyV1AgpVersionModel                            : loaded 2 times (x 66B)
Class kotlin.text.StringsKt__StringBuilderJVMKt                                       : loaded 2 times (x 67B)
Class kotlin.text.Regex                                                               : loaded 2 times (x 68B)
Class kotlin.sequences.SequencesKt__SequenceBuilderKt$sequence$$inlined$Sequence$1    : loaded 2 times (x 71B)
Class org.objectweb.asm.Type                                                          : loaded 2 times (x 68B)
Class org.jetbrains.plugins.gradle.tooling.util.IntObjectMap$1                        : loaded 2 times (x 73B)
Class org.gradle.internal.impldep.com.google.common.base.Preconditions                : loaded 2 times (x 67B)
Class org.gradle.tooling.model.internal.ImmutableDomainObjectSet                      : loaded 2 times (x 151B)
Class org.gradle.internal.classloader.VisitableURLClassLoader$InstrumentingVisitableURLClassLoader: loaded 2 times (x 119B)
Class com.android.builder.model.v2.ide.AndroidGradlePluginProjectFlags                : loaded 2 times (x 66B)
Class [Lcom.android.builder.model.v2.ide.AndroidGradlePluginProjectFlags$BooleanFlag; : loaded 2 times (x 65B)
Class com.android.builder.model.v2.ide.BasicVariant                                   : loaded 2 times (x 66B)
Class org.objectweb.asm.ByteVector                                                    : loaded 2 times (x 75B)
Class [Lcom.google.common.cache.CacheBuilder$NullListener;                            : loaded 2 times (x 65B)
Class com.google.common.math.IntMath$1                                                : loaded 2 times (x 67B)
Class [Lcom.amazon.ion.impl.bin.IonRawBinaryWriter$StreamFlushMode;                   : loaded 2 times (x 65B)
Class com.amazon.ion.UnsupportedIonVersionException                                   : loaded 2 times (x 81B)
Class kotlin.comparisons.ComparisonsKt__ComparisonsKt                                 : loaded 2 times (x 67B)
Class kotlin.ranges.RangesKt__RangesKt                                                : loaded 2 times (x 67B)
Class kotlin.collections.SetsKt___SetsKt                                              : loaded 2 times (x 67B)
Class kotlin.sequences.SequencesKt__SequencesKt                                       : loaded 2 times (x 67B)
Class kotlin.coroutines.Continuation                                                  : loaded 2 times (x 66B)
Class org.gradle.internal.classloader.VisitableURLClassLoader$Spec                    : loaded 2 times (x 70B)
Class org.gradle.internal.classpath.DefaultClassPath                                  : loaded 2 times (x 86B)
Class com.android.builder.model.v2.ide.BundleInfo                                     : loaded 2 times (x 66B)
Class com.android.builder.model.v2.ide.SourceProvider                                 : loaded 2 times (x 66B)
Class org.objectweb.asm.Symbol                                                        : loaded 2 times (x 69B)
Class com.google.common.base.AbstractIterator                                         : loaded 2 times (x 76B)
Class com.amazon.ion.impl.bin.IonManagedBinaryWriter$SymbolState                      : loaded 2 times (x 76B)
Class com.amazon.ion.IonStruct                                                        : loaded 2 times (x 66B)
Class org.jetbrains.plugins.gradle.model.GradleBuildScriptClasspathModel              : loaded 2 times (x 66B)
Class kotlin.text.CharsKt__CharJVMKt                                                  : loaded 2 times (x 67B)
Class kotlin.sequences.FilteringSequence                                              : loaded 2 times (x 71B)
Class kotlin.comparisons.ComparisonsKt                                                : loaded 2 times (x 67B)
Class kotlin.comparisons.ComparisonsKt___ComparisonsKt                                : loaded 2 times (x 67B)
Class kotlin.coroutines.jvm.internal.BaseContinuationImpl                             : loaded 2 times (x 83B)
Class kotlin.Result$Companion                                                         : loaded 2 times (x 67B)
Class org.gradle.util.internal.DefaultGradleVersion                                   : loaded 2 times (x 80B)
Class org.gradle.tooling.internal.adapter.TargetTypeProvider                          : loaded 2 times (x 66B)
Class kotlin.ranges.IntProgression$Companion                                          : loaded 2 times (x 67B)
Class org.jetbrains.plugins.gradle.model.AnnotationProcessingModel                    : loaded 2 times (x 66B)
Class com.google.common.base.CharMatcher$Ascii                                        : loaded 2 times (x 108B)
Class org.gradle.internal.classloader.ClassLoaderSpec                                 : loaded 2 times (x 67B)
Class org.objectweb.asm.AnnotationWriter                                              : loaded 2 times (x 75B)
Class com.google.common.cache.CacheStats                                              : loaded 2 times (x 67B)
Class com.amazon.ion.impl.IonWriterSystemTextMarkup                                   : loaded 2 times (x 188B)
Class com.amazon.ion.impl.bin.BlockAllocator                                          : loaded 2 times (x 76B)
Class kotlin.jvm.internal.FunctionReferenceImpl                                       : loaded 2 times (x 118B)
Class kotlin.collections.CollectionsKt___CollectionsJvmKt                             : loaded 2 times (x 67B)
Class com.google.common.collect.ImmutableMultisetGwtSerializationDependencies         : loaded 2 times (x 121B)
Class org.objectweb.asm.RecordComponentWriter                                         : loaded 2 times (x 74B)
Class com.google.common.util.concurrent.AbstractFuture$Listener                       : loaded 2 times (x 68B)
Class [Lcom.android.builder.model.v2.ide.ProjectType;                                 : loaded 2 times (x 65B)
Class org.jetbrains.plugins.gradle.model.GradleExtensions                             : loaded 2 times (x 66B)
Class Settings_gradle$1$1                                                             : loaded 2 times (x 70B)
Class com.amazon.ion.system.IonWriterBuilderBase                                      : loaded 2 times (x 79B)
Class kotlin.TuplesKt                                                                 : loaded 2 times (x 67B)
Class kotlin.jvm.internal.markers.KMutableIterable                                    : loaded 2 times (x 66B)
Class kotlin.sequences.SequencesKt___SequencesJvmKt                                   : loaded 2 times (x 67B)
Class kotlin.Unit                                                                     : loaded 2 times (x 67B)
Class org.gradle.tooling.internal.adapter.ProtocolToModelAdapter$DefaultViewBuilder   : loaded 2 times (x 76B)
Class [Lcom.android.builder.model.v2.ide.AaptOptions$Namespacing;                     : loaded 2 times (x 65B)
Class com.android.ide.common.gradle.Version$Companion$ParseState                      : loaded 2 times (x 66B)
Class org.objectweb.asm.Attribute                                                     : loaded 2 times (x 73B)
Class com.google.common.base.Supplier                                                 : loaded 2 times (x 66B)
Class kotlin.ranges.RangesKt                                                          : loaded 2 times (x 67B)
Class org.gradle.tooling.internal.adapter.ProtocolToModelAdapter$ViewGraphDetails$1   : loaded 2 times (x 73B)
Class org.gradle.internal.classloader.VisitableURLClassLoader                         : loaded 2 times (x 113B)
Class com.android.ide.common.repository.AgpVersion$Companion                          : loaded 2 times (x 67B)
Class com.google.common.util.concurrent.AbstractFuture$Waiter                         : loaded 2 times (x 68B)
Class Settings_gradle                                                                 : loaded 2 times (x 124B)
Class com.amazon.ion.impl.bin.IonRawBinaryWriter$1                                    : loaded 2 times (x 73B)
Class [Lcom.amazon.ion.SymbolTable;                                                   : loaded 2 times (x 65B)
Class com.amazon.ion.impl.bin.IonBinaryWriterAdapter$Factory                          : loaded 2 times (x 66B)
Class com.amazon.ion.impl.BlockedBuffer$BufferedOutputStream                          : loaded 2 times (x 86B)
Class org.jetbrains.plugins.gradle.tooling.serialization.ExternalTestsSerializationService$ReadContext: loaded 2 times (x 68B)
Class com.google.common.collect.ImmutableList$SerializedForm                          : loaded 2 times (x 69B)
Class kotlin.collections.ArraysUtilJVM                                                : loaded 2 times (x 67B)
Class kotlin.sequences.FlatteningSequence$iterator$1                                  : loaded 2 times (x 75B)
Class kotlin.jvm.functions.Function0                                                  : loaded 2 times (x 66B)
Class com.amazon.ion.system.IonBinaryWriterBuilder                                    : loaded 2 times (x 93B)
Class com.amazon.ion.impl.bin.IonManagedBinaryWriter$UserState$4                      : loaded 2 times (x 81B)
Class org.gradle.tooling.model.idea.IdeaDependency                                    : loaded 2 times (x 66B)
Class com.android.builder.model.v2.ide.AaptOptions                                    : loaded 2 times (x 66B)
Class [Lcom.android.builder.model.v2.ide.BytecodeTransformation;                      : loaded 2 times (x 65B)
Class com.google.common.base.Strings                                                  : loaded 2 times (x 67B)
Class com.android.ide.common.gradle.Version$Companion                                 : loaded 2 times (x 67B)
Class com.google.common.collect.Sets                                                  : loaded 2 times (x 67B)
Class org.objectweb.asm.Handler                                                       : loaded 2 times (x 68B)
Class com.google.common.base.Ticker                                                   : loaded 2 times (x 68B)
Class org.jetbrains.plugins.gradle.model.UnresolvedExternalDependency                 : loaded 2 times (x 66B)
Class com.amazon.ion.impl.bin.AbstractIonWriter$WriteValueOptimization                : loaded 2 times (x 75B)
Class kotlin.collections.AbstractMutableList                                          : loaded 2 times (x 202B)
Class kotlin.jvm.functions.Function1                                                  : loaded 2 times (x 66B)
Class com.android.builder.model.v2.models.ndk.NativeModelBuilderParameter             : loaded 2 times (x 66B)
Class [Lcom.google.common.cache.LocalCache$Segment;                                   : loaded 2 times (x 65B)
Class [Lcom.google.common.cache.LocalCache$Strength;                                  : loaded 2 times (x 65B)
Class com.google.common.cache.CacheBuilder$1                                          : loaded 2 times (x 81B)
Class com.android.builder.model.v2.ide.AndroidArtifact                                : loaded 2 times (x 66B)
Class org.gradle.api.internal.classpath.ManifestUtil                                  : loaded 2 times (x 67B)
Class com.amazon.ion.impl.bin.BlockAllocatorProvider                                  : loaded 2 times (x 68B)
Class org.jetbrains.plugins.gradle.tooling.serialization.internal.IdeaProjectSerializationService$WriteContext: loaded 2 times (x 68B)
Class com.intellij.gradle.toolingExtension.impl.model.sourceSetDependencyModel.GradleSourceSetDependencySerialisationService: loaded 2 times (x 73B)
Class org.jetbrains.plugins.gradle.model.GradleSourceSetModel                         : loaded 2 times (x 66B)
Class kotlin.KotlinNothingValueException                                              : loaded 2 times (x 78B)
Class kotlin.jvm.functions.Function2                                                  : loaded 2 times (x 66B)
Class org.gradle.internal.classpath.DefaultClassPath$ImmutableUniqueList$Builder      : loaded 2 times (x 71B)
Class org.gradle.tooling.internal.adapter.ProtocolToModelAdapter$InvocationHandlerImpl: loaded 2 times (x 73B)
Class com.google.common.cache.LocalCache                                              : loaded 2 times (x 183B)
Class com.google.common.cache.CacheBuilder$2                                          : loaded 2 times (x 68B)
Class org.gradle.tooling.model.build.GradleEnvironment                                : loaded 2 times (x 66B)
Class com.amazon.ion.impl.lite.IonSequenceLite                                        : loaded 2 times (x 428B)
Class com.amazon.ion.impl._Private_Utils$1                                            : loaded 2 times (x 85B)
Class com.amazon.ion.impl.SymbolTableAsStruct                                         : loaded 2 times (x 66B)
Class kotlin.collections.MapsKt___MapsJvmKt                                           : loaded 2 times (x 67B)
Class org.gradle.tooling.internal.adapter.WeakIdentityHashMap$AbsentValueProvider     : loaded 2 times (x 66B)
Class org.jetbrains.plugins.gradle.tooling.util.IntObjectMap$ObjectFactory            : loaded 2 times (x 66B)
Class com.amazon.ion.IonException                                                     : loaded 2 times (x 80B)
Class com.google.common.collect.ArrayListMultimap                                     : loaded 2 times (x 168B)
Class com.google.common.base.AbstractIterator$1                                       : loaded 2 times (x 67B)
Class com.google.common.base.CharMatcher$Digit                                        : loaded 2 times (x 108B)
Class com.amazon.ion.impl.bin.AbstractIonWriter                                       : loaded 2 times (x 157B)
Class org.jetbrains.plugins.gradle.tooling.util.ObjectCollector$Processor             : loaded 2 times (x 66B)
Class org.jetbrains.kotlin.idea.gradleTooling.model.samWithReceiver.SamWithReceiverModel: loaded 2 times (x 66B)
Class kotlin.collections.State                                                        : loaded 2 times (x 75B)
Class kotlin.jvm.functions.Function4                                                  : loaded 2 times (x 66B)
Class kotlin.collections.EmptySet                                                     : loaded 2 times (x 118B)
Class kotlin.collections.CollectionsKt___CollectionsKt                                : loaded 2 times (x 67B)
Class kotlin.annotation.Target                                                        : loaded 2 times (x 66B)
Class com.amazon.ion.impl.bin.IonManagedBinaryWriter$UserState$3                      : loaded 2 times (x 81B)
Class org.gradle.internal.exceptions.NonGradleCauseExceptionsHolder                   : loaded 2 times (x 66B)
Class org.gradle.tooling.model.idea.IdeaModuleDependency                              : loaded 2 times (x 66B)
Class org.gradle.tooling.internal.adapter.ViewBuilder                                 : loaded 2 times (x 66B)
Class com.android.builder.model.v2.ide.AndroidLibraryData                             : loaded 2 times (x 66B)
Class com.android.builder.model.v2.ide.ApiVersion                                     : loaded 2 times (x 66B)
Class com.android.ide.common.gradle.Version                                           : loaded 2 times (x 71B)
Class com.google.common.collect.CollectPreconditions                                  : loaded 2 times (x 67B)
Class com.google.common.base.CharMatcher$JavaIsoControl                               : loaded 2 times (x 108B)
Class com.amazon.ion.system.IonReaderBuilder                                          : loaded 2 times (x 89B)
Class org.jetbrains.plugins.gradle.model.AnnotationProcessingConfig                   : loaded 2 times (x 66B)
Class com.amazon.ion.IonReader                                                        : loaded 2 times (x 66B)
Class kotlin.text.StringsKt___StringsJvmKt                                            : loaded 2 times (x 67B)
Class kotlin.reflect.KDeclarationContainer                                            : loaded 2 times (x 66B)
Class kotlin.annotation.Retention                                                     : loaded 2 times (x 66B)
Class com.android.builder.model.v2.models.Versions$Version                            : loaded 2 times (x 66B)
Class com.google.common.collect.SortedMapDifference                                   : loaded 2 times (x 66B)
Class com.google.common.base.CharMatcher$JavaLowerCase                                : loaded 2 times (x 107B)
Class com.amazon.ion.IonClob                                                          : loaded 2 times (x 66B)
Class org.jetbrains.plugins.gradle.tooling.ModelBuilderService$Parameter              : loaded 2 times (x 66B)
Class kotlin.io.FilesKt                                                               : loaded 2 times (x 67B)
Class kotlin.collections.MapsKt___MapsKt                                              : loaded 2 times (x 67B)
Class kotlin.collections.ArraysKt___ArraysKt                                          : loaded 2 times (x 67B)
Class com.google.common.cache.LocalCache$EntryFactory                                 : loaded 2 times (x 79B)
Class com.amazon.ion.impl.lite.IonLobLite                                             : loaded 2 times (x 180B)
Class com.amazon.ion.impl.lite.IonTextLite                                            : loaded 2 times (x 177B)
Class com.amazon.ion.IonNumber                                                        : loaded 2 times (x 66B)
Class org.gradle.internal.impldep.gnu.trove.TObjectIntProcedure                       : loaded 2 times (x 66B)
Class kotlin.collections.MapsKt__MapWithDefaultKt                                     : loaded 2 times (x 67B)
Class org.gradle.tooling.internal.adapter.ProtocolToModelAdapter$ReflectionMethodInvoker: loaded 2 times (x 72B)
Class [Lcom.android.ide.common.gradle.Separator;                                      : loaded 2 times (x 65B)
Class com.google.common.cache.LocalCache$AbstractReferenceEntry                       : loaded 2 times (x 103B)
Class com.google.common.base.Splitter$1$1                                             : loaded 2 times (x 82B)
Class com.google.common.base.CharMatcher$Whitespace                                   : loaded 2 times (x 108B)
Class [Lcom.amazon.ion.impl.bin.IonManagedBinaryWriter$UserState;                     : loaded 2 times (x 65B)
Class com.amazon.ion.impl.bin.utf8.Utf8StringEncoder                                  : loaded 2 times (x 76B)
Class com.amazon.ion.IonBool                                                          : loaded 2 times (x 66B)
Class org.jetbrains.kotlin.idea.gradleTooling.model.assignment.AssignmentModel        : loaded 2 times (x 66B)
Class kotlin.text.StringsKt___StringsKt                                               : loaded 2 times (x 67B)
Class com.google.common.collect.NullsLastOrdering                                     : loaded 2 times (x 111B)
Class kotlin.collections.CollectionsKt__MutableCollectionsJVMKt                       : loaded 2 times (x 67B)
Class com.google.common.util.concurrent.ExecutionError                                : loaded 2 times (x 78B)
Class kotlin.enums.EnumEntriesKt                                                      : loaded 2 times (x 67B)
Class com.google.common.collect.ImmutableEnumSet                                      : loaded 2 times (x 142B)
Class com.android.builder.model.v2.models.VariantDependencies                         : loaded 2 times (x 66B)
Class org.objectweb.asm.SymbolTable                                                   : loaded 2 times (x 68B)
Class com.google.common.cache.CacheLoader$InvalidCacheLoadException                   : loaded 2 times (x 78B)
Class com.android.builder.model.v2.models.VariantDependenciesAdjacencyList            : loaded 2 times (x 66B)
Class com.google.common.base.CharMatcher$SingleWidth                                  : loaded 2 times (x 108B)
Class com.amazon.ion.IonLoader                                                        : loaded 2 times (x 66B)
Class org.jetbrains.plugins.gradle.model.GradleProperty                               : loaded 2 times (x 66B)
Class org.gradle.internal.classloader.SystemClassLoaderSpec                           : loaded 2 times (x 67B)
Class com.android.builder.model.v2.ide.TestedTargetVariant                            : loaded 2 times (x 66B)
Class com.google.common.cache.LocalCache$StrongEntry                                  : loaded 2 times (x 104B)
Class com.google.common.util.concurrent.AbstractFuture$TrustedFuture                  : loaded 2 times (x 110B)
Class com.google.common.cache.LoadingCache                                            : loaded 2 times (x 66B)
Class com.amazon.ion.impl._Private_Utils                                              : loaded 2 times (x 67B)
Class kotlin.ranges.IntRange$Companion                                                : loaded 2 times (x 67B)
Class kotlin.text.MatcherMatchResult$groups$1                                         : loaded 2 times (x 147B)
Class kotlin.collections.EmptyMap                                                     : loaded 2 times (x 105B)
Class kotlin.reflect.KAnnotatedElement                                                : loaded 2 times (x 66B)
Class kotlin.jvm.internal.markers.KMutableCollection                                  : loaded 2 times (x 66B)
Class kotlin.coroutines.intrinsics.IntrinsicsKt                                       : loaded 2 times (x 67B)
Class org.gradle.internal.exceptions.MultiCauseException                              : loaded 2 times (x 66B)
Class org.gradle.internal.time.CountdownTimer                                         : loaded 2 times (x 66B)
Class kotlin.jvm.internal.Intrinsics                                                  : loaded 2 times (x 67B)
Class org.objectweb.asm.MethodWriter                                                  : loaded 2 times (x 102B)
Class [Lcom.google.common.cache.Weigher;                                              : loaded 2 times (x 65B)
Class org.gradle.internal.classloader.ClassLoaderHierarchy                            : loaded 2 times (x 66B)
Class com.intellij.gradle.toolingExtension.impl.model.projectModel.GradleExternalProjectSerializationService$ReadContext: loaded 2 times (x 69B)
Class com.intellij.gradle.toolingExtension.impl.model.dependencyModel.DependencyWriteContext: loaded 2 times (x 68B)
Class org.jetbrains.kotlin.idea.gradleTooling.model.parcelize.ParcelizeGradleModel    : loaded 2 times (x 66B)
Class kotlin.sequences.SequencesKt__SequencesKt$flatten$1                             : loaded 2 times (x 74B)
Class kotlin.collections.MapsKt                                                       : loaded 2 times (x 67B)
Class kotlin.collections.CollectionsKt__IterablesKt                                   : loaded 2 times (x 67B)
Class kotlin.coroutines.intrinsics.CoroutineSingletons                                : loaded 2 times (x 75B)
Class org.gradle.tooling.model.ProjectModel                                           : loaded 2 times (x 66B)
Class com.google.common.collect.ImmutableMultimap$1                                   : loaded 2 times (x 78B)
Class com.android.ide.common.gradle.Version$Companion$ParseState$EMPTY                : loaded 2 times (x 70B)
Class org.jetbrains.plugins.gradle.model.GradleConfiguration                          : loaded 2 times (x 66B)
Class com.amazon.ion.impl.bin.utf8.Utf8StringEncoderPool                              : loaded 2 times (x 70B)
Class com.amazon.ion.impl._Private_IonSystem                                          : loaded 2 times (x 66B)
Class com.amazon.ion.BufferConfiguration$OversizedValueHandler                        : loaded 2 times (x 66B)
Class ijInit1_bf6mh7a1x9afcdw40dx5hzd0g                                               : loaded 2 times (x 175B)
Class kotlin.ranges.OpenEndRange                                                      : loaded 2 times (x 66B)
Class kotlin.sequences.SequenceBuilderIterator                                        : loaded 2 times (x 81B)
Class kotlin.KotlinNullPointerException                                               : loaded 2 times (x 79B)
Class com.android.ide.common.repository.AgpVersion$Companion$WhenMappings             : loaded 2 times (x 67B)
Class com.google.common.collect.ImmutableMultimap$2                                   : loaded 2 times (x 77B)
Class com.google.common.collect.RegularImmutableBiMap                                 : loaded 2 times (x 144B)
Class com.google.common.cache.LocalCache$ValueReference                               : loaded 2 times (x 66B)
Class kotlin.sequences.SequencesKt__SequenceBuilderKt                                 : loaded 2 times (x 67B)
Class kotlin.collections.CollectionsKt__ReversedViewsKt                               : loaded 2 times (x 67B)
Class com.amazon.ion.IonDecimal                                                       : loaded 2 times (x 66B)
Class org.jetbrains.plugins.gradle.model.tests.ExternalTestsModel                     : loaded 2 times (x 66B)
Class kotlin.sequences.SequencesKt__SequencesKt$flatten$3                             : loaded 2 times (x 74B)
Class kotlin.ranges.RangesKt___RangesKt                                               : loaded 2 times (x 67B)
Class org.gradle.tooling.model.idea.IdeaLanguageLevel                                 : loaded 2 times (x 66B)
Class org.gradle.tooling.internal.adapter.ProtocolToModelAdapter$SafeMethodInvoker    : loaded 2 times (x 72B)
Class org.gradle.tooling.internal.adapter.WeakIdentityHashMap$WeakKey                 : loaded 2 times (x 75B)
Class org.gradle.internal.exceptions.DefaultMultiCauseException                       : loaded 2 times (x 91B)
Class com.android.builder.model.v2.ide.ProjectInfo                                    : loaded 2 times (x 66B)
Class com.google.common.base.PatternCompiler                                          : loaded 2 times (x 66B)
Class com.google.common.util.concurrent.AbstractFuture$Failure                        : loaded 2 times (x 68B)
Class com.google.common.base.Equivalence$Equals                                       : loaded 2 times (x 78B)
Class com.google.common.collect.Hashing                                               : loaded 2 times (x 67B)
Class kotlin.jvm.internal.CollectionToArray                                           : loaded 2 times (x 67B)
Class com.amazon.ion.impl.bin.IonRawBinaryWriter$StreamCloseMode                      : loaded 2 times (x 75B)
Class com.amazon.ion.impl._Private_IonBinaryWriterBuilder$Mutable                     : loaded 2 times (x 105B)
Class com.intellij.gradle.toolingExtension.impl.model.projectModel.GradleExternalProjectSerializationService: loaded 2 times (x 73B)
Class kotlin.text.CharsKt__CharKt                                                     : loaded 2 times (x 67B)
Class kotlin.collections.ArraysKt                                                     : loaded 2 times (x 67B)
Class kotlin.collections.ArrayDeque$Companion                                         : loaded 2 times (x 67B)
Class org.gradle.tooling.model.HierarchicalElement                                    : loaded 2 times (x 66B)
Class com.android.builder.model.v2.dsl.DependenciesInfo                               : loaded 2 times (x 66B)
Class kotlin.io.FilesKt__FileTreeWalkKt                                               : loaded 2 times (x 67B)
Class org.objectweb.asm.Label                                                         : loaded 2 times (x 69B)
Class org.objectweb.asm.CurrentFrame                                                  : loaded 2 times (x 69B)
Class org.objectweb.asm.ClassTooLargeException                                        : loaded 2 times (x 79B)
Class kotlin.sequences.FilteringSequence$iterator$1                                   : loaded 2 times (x 75B)
Class com.intellij.gradle.toolingExtension.impl.model.sourceSetModel.GradleSourceSetSerialisationService$Companion: loaded 2 times (x 67B)
Class com.amazon.ion.impl.bin.IonRawBinaryWriter$PatchPoint                           : loaded 2 times (x 67B)
Class com.amazon.ion.IonBlob                                                          : loaded 2 times (x 66B)
Class com.amazon.ion.IonLob                                                           : loaded 2 times (x 66B)
Class com.amazon.ion.IonSequence                                                      : loaded 2 times (x 66B)
Class org.jetbrains.plugins.gradle.tooling.serialization.ExternalTestsSerializationService: loaded 2 times (x 73B)
Class com.google.common.collect.ImmutableSetMultimap                                  : loaded 2 times (x 176B)
Class com.google.common.collect.ByFunctionOrdering                                    : loaded 2 times (x 111B)
Class kotlin.collections.SetsKt__SetsKt                                               : loaded 2 times (x 67B)
Class kotlin.coroutines.EmptyCoroutineContext                                         : loaded 2 times (x 73B)
Class org.gradle.internal.time.Time                                                   : loaded 2 times (x 67B)
Class com.amazon.ion.impl._Private_IonValue                                           : loaded 2 times (x 66B)
Class com.google.common.collect.Table                                                 : loaded 2 times (x 66B)
Class com.android.ide.common.repository.AgpVersion$PreviewKind                        : loaded 2 times (x 75B)
Class com.android.builder.model.v2.models.ProjectGraph                                : loaded 2 times (x 66B)
Class com.android.ide.common.gradle.Version$Companion$ParseState$NUMERIC              : loaded 2 times (x 70B)
Class com.amazon.ion.impl.bin.IonManagedBinaryWriter$UserState$2                      : loaded 2 times (x 81B)
Class org.objectweb.asm.Frame                                                         : loaded 2 times (x 69B)
Class org.objectweb.asm.MethodVisitor                                                 : loaded 2 times (x 101B)
Class com.google.common.cache.LocalCache$EntryFactory$1                               : loaded 2 times (x 79B)
Class [Lcom.google.common.cache.RemovalListener;                                      : loaded 2 times (x 65B)
Class [Lcom.google.common.base.AbstractIterator$State;                                : loaded 2 times (x 65B)
Class org.gradle.internal.classloader.FilteringClassLoader                            : loaded 2 times (x 101B)
Class com.amazon.ion.system.IonTextWriterBuilder                                      : loaded 2 times (x 93B)
Class com.amazon.ion.impl.bin.IonManagedBinaryWriter$ImportedSymbolResolverMode$1$1$1 : loaded 2 times (x 72B)
Class com.amazon.ion.impl._Private_LocalSymbolTableFactory                            : loaded 2 times (x 66B)
Class org.jetbrains.plugins.gradle.tooling.serialization.AnnotationProcessingModelSerializationService: loaded 2 times (x 73B)
Class kotlin.collections.ArraysKt__ArraysJVMKt                                        : loaded 2 times (x 67B)
Class kotlin.NotImplementedError                                                      : loaded 2 times (x 78B)
Class com.google.common.cache.LocalCache$EntryFactory$2                               : loaded 2 times (x 79B)
Class com.amazon.ion.impl.lite.IonNullLite                                            : loaded 2 times (x 171B)
Class [Lcom.intellij.openapi.externalSystem.model.project.dependencies.ResolutionState;: loaded 2 times (x 65B)
Class org.gradle.internal.impldep.gnu.trove.TObjectHash                               : loaded 2 times (x 90B)
Class org.jetbrains.plugins.gradle.model.DependencyAccessorsModel                     : loaded 2 times (x 66B)
Class kotlin.text.StringsKt__StringBuilderKt                                          : loaded 2 times (x 67B)
Class kotlin.jvm.internal.CallableReference$NoReceiver                                : loaded 2 times (x 67B)
Class org.gradle.api.internal.classpath.GlobalCacheRootsProvider                      : loaded 2 times (x 66B)
Class com.google.common.collect.CollectCollectors                                     : loaded 2 times (x 67B)
Class org.objectweb.asm.ModuleWriter                                                  : loaded 2 times (x 78B)
Class com.google.common.cache.LocalCache$EntryFactory$3                               : loaded 2 times (x 79B)
Class com.google.common.base.Ticker$1                                                 : loaded 2 times (x 68B)
Class kotlin.sequences.FlatteningSequence                                             : loaded 2 times (x 71B)
Class com.google.common.collect.Maps$BiMapConverter                                   : loaded 2 times (x 86B)
Class com.amazon.ion.impl.lite.IonClobLite                                            : loaded 2 times (x 216B)
Class com.amazon.ion.impl._Private_ValueFactory                                       : loaded 2 times (x 66B)
Class com.amazon.ion.impl.bin.IonRawBinaryWriter$PreallocationMode$1                  : loaded 2 times (x 78B)
Class [Lcom.amazon.ion.impl.bin._Private_IonManagedBinaryWriterBuilder$AllocatorMode; : loaded 2 times (x 65B)
Class org.jetbrains.kotlin.idea.gradleTooling.KotlinMPPGradleModel                    : loaded 2 times (x 66B)
Class com.intellij.gradle.toolingExtension.impl.model.dependencyDownloadPolicyModel.GradleDependencyDownloadPolicy: loaded 2 times (x 66B)
Class kotlin.NoWhenBranchMatchedException                                             : loaded 2 times (x 78B)
Class org.gradle.tooling.model.BuildIdentifier                                        : loaded 2 times (x 66B)
Class com.android.builder.model.v2.ide.VectorDrawablesOptions                         : loaded 2 times (x 66B)
Class com.google.common.cache.LocalCache$EntryFactory$4                               : loaded 2 times (x 79B)
Class kotlin.text.MatcherMatchResult                                                  : loaded 2 times (x 76B)
Class kotlin.text.MatchGroupCollection                                                : loaded 2 times (x 66B)
Class com.amazon.ion.IonInt                                                           : loaded 2 times (x 66B)
Class com.amazon.ion.impl.bin.IonRawBinaryWriter$PreallocationMode$2                  : loaded 2 times (x 78B)
Class org.jetbrains.kotlin.idea.gradleTooling.PrepareKotlinIdeImportTaskModel         : loaded 2 times (x 66B)
Class sync_studio_tooling8816_8vryni9wak04onmolpp1bvahx                               : loaded 2 times (x 175B)
Class com.google.common.collect.SetMultimap                                           : loaded 2 times (x 66B)
Class com.android.builder.model.v2.ide.Edge                                           : loaded 2 times (x 66B)
Class com.android.builder.model.v2.models.VariantDependenciesFlatList                 : loaded 2 times (x 66B)
Class com.google.common.cache.LocalCache$EntryFactory$5                               : loaded 2 times (x 79B)
Class com.amazon.ion.impl.bin.IonRawBinaryWriter$PreallocationMode$3                  : loaded 2 times (x 78B)
Class com.android.ide.gradle.model.GradlePluginModel                                  : loaded 2 times (x 66B)
Class com.google.common.collect.ReverseOrdering                                       : loaded 2 times (x 111B)
Class org.gradle.tooling.model.build.JavaEnvironment                                  : loaded 2 times (x 66B)
Class kotlin.text.StringsKt__StringsKt                                                : loaded 2 times (x 67B)
Class com.android.builder.model.v2.ide.SourceSetContainer                             : loaded 2 times (x 66B)
Class com.google.common.cache.LocalCache$EntryFactory$6                               : loaded 2 times (x 79B)
Class org.jetbrains.plugins.gradle.model.GradleExtension                              : loaded 2 times (x 66B)
Class com.amazon.ion.impl.lite.IonDecimalLite                                         : loaded 2 times (x 184B)
Class com.amazon.ion.IonBufferConfiguration$Builder                                   : loaded 2 times (x 74B)
Class org.gradle.internal.time.Timer                                                  : loaded 2 times (x 66B)
Class kotlin.jvm.internal.markers.KMappedMarker                                       : loaded 2 times (x 66B)
Class org.gradle.internal.installation.CurrentGradleInstallationLocator               : loaded 2 times (x 67B)
Class com.google.common.collect.ImmutableMultimap$Builder                             : loaded 2 times (x 79B)
Class com.android.builder.model.v2.ide.LintOptions                                    : loaded 2 times (x 66B)
Class com.google.common.collect.Maps$KeySet                                           : loaded 2 times (x 133B)
Class com.google.common.cache.LocalCache$EntryFactory$7                               : loaded 2 times (x 79B)
Class com.google.common.collect.ImmutableSet$EmptySetBuilderImpl                      : loaded 2 times (x 72B)
Class org.jetbrains.plugins.gradle.tooling.serialization.internal.IdeaProjectSerializationService$ReadContext: loaded 2 times (x 68B)
Class com.amazon.ion.impl.bin.IonRawBinaryWriter$PatchList$1                          : loaded 2 times (x 79B)
Class [Lcom.amazon.ion.impl.bin.IonRawBinaryWriter$ContainerType;                     : loaded 2 times (x 65B)
Class org.gradle.tooling.internal.adapter.ProtocolToModelAdapter$ViewGraphDetails     : loaded 2 times (x 68B)
Class org.gradle.tooling.model.idea.IdeaProject                                       : loaded 2 times (x 66B)
Class org.gradle.tooling.model.DomainObjectSet                                        : loaded 2 times (x 66B)
Class org.gradle.internal.service.DefaultServiceLocator                               : loaded 2 times (x 79B)
Class com.google.common.collect.Maps$EntrySet                                         : loaded 2 times (x 132B)
Class com.google.common.collect.ImmutableMultimap$EntryCollection                     : loaded 2 times (x 123B)
Class com.android.builder.model.v2.ide.BasicArtifact                                  : loaded 2 times (x 66B)
Class com.google.common.cache.LocalCache$EntryFactory$8                               : loaded 2 times (x 79B)
Class com.amazon.ion.impl.bin.IonManagedBinaryWriter$UserState$1                      : loaded 2 times (x 81B)
Class com.amazon.ion.impl.bin.utf8.Utf8StringEncoder$Result                           : loaded 2 times (x 70B)
Class com.amazon.ion.impl.bin.utf8.Pool$Allocator                                     : loaded 2 times (x 66B)
Class com.amazon.ion.IonText                                                          : loaded 2 times (x 66B)
Class com.amazon.ion.impl.SymbolTokenImpl                                             : loaded 2 times (x 77B)
Class com.amazon.ion.SubstituteSymbolTableException                                   : loaded 2 times (x 80B)
Class kotlin.coroutines.jvm.internal.SuspendFunction                                  : loaded 2 times (x 66B)
Class org.gradle.util.GradleVersion                                                   : loaded 2 times (x 79B)
Class org.gradle.internal.installation.CurrentGradleInstallation                      : loaded 2 times (x 69B)
Class com.google.common.cache.CacheLoader$1                                           : loaded 2 times (x 71B)
Class com.google.common.collect.ForwardingObject                                      : loaded 2 times (x 68B)
Class com.google.common.base.Equivalence$Identity                                     : loaded 2 times (x 78B)
Class com.amazon.ion.impl.bin.IonManagedBinaryWriter$ImportDescriptor                 : loaded 2 times (x 72B)
Class com.amazon.ion.SymbolTable                                                      : loaded 2 times (x 66B)
Class org.jetbrains.plugins.gradle.tooling.serialization.GradleExtensionsSerializationService$WriteContext: loaded 2 times (x 68B)
Class com.intellij.gradle.toolingExtension.impl.model.taskModel.GradleTaskSerialisationService$Companion: loaded 2 times (x 67B)
Class [Lkotlin.collections.State;                                                     : loaded 2 times (x 65B)
Class kotlin.jvm.internal.StringCompanionObject                                       : loaded 2 times (x 67B)
Class kotlin.coroutines.intrinsics.IntrinsicsKt__IntrinsicsJvmKt                      : loaded 2 times (x 67B)
Class kotlin.coroutines.jvm.internal.CoroutineStackFrame                              : loaded 2 times (x 66B)
Class org.gradle.tooling.internal.adapter.ProtocolToModelAdapter$MethodInvocationCache$MethodInvocationKey: loaded 2 times (x 69B)
Class org.gradle.util.internal.GUtil                                                  : loaded 2 times (x 67B)
Class com.google.common.util.concurrent.AbstractFuture$SetFuture                      : loaded 2 times (x 71B)
Class com.android.utils.StringHelper                                                  : loaded 2 times (x 67B)
Class com.google.common.cache.AbstractCache$StatsCounter                              : loaded 2 times (x 66B)
Class [Lcom.amazon.ion.impl.bin.IonManagedBinaryWriter$SymbolState;                   : loaded 2 times (x 65B)
Class com.amazon.ion.impl._Private_IonWriterBase                                      : loaded 2 times (x 158B)
Class com.amazon.ion.system.IonSystemBuilder                                          : loaded 2 times (x 71B)
Class com.amazon.ion.IonCatalog                                                       : loaded 2 times (x 66B)
Class com.intellij.gradle.toolingExtension.impl.model.sourceSetModel.GradleSourceSetSerialisationService$SourceSetModelReadContext: loaded 2 times (x 68B)
Class com.intellij.gradle.toolingExtension.impl.model.utilTurnOffDefaultTasksModel.TurnOffDefaultTasks: loaded 2 times (x 66B)
Class kotlin.io.NoSuchFileException                                                   : loaded 2 times (x 78B)
Class kotlin.collections.CollectionsKt                                                : loaded 2 times (x 67B)
Class com.android.builder.model.v2.dsl.BuildType                                      : loaded 2 times (x 66B)
Class com.google.common.base.PairwiseEquivalence                                      : loaded 2 times (x 79B)
Class org.jetbrains.plugins.gradle.tooling.serialization.internal.IdeaProjectSerializationService$WriteContext$5: loaded 2 times (x 79B)
Class com.intellij.gradle.toolingExtension.impl.model.sourceSetModel.GradleSourceSetSerialisationService$SourceSetModelWriteContext: loaded 2 times (x 68B)
Class kotlin.collections.AbstractIterator$WhenMappings                                : loaded 2 times (x 67B)
Class kotlin.ranges.IntProgressionIterator                                            : loaded 2 times (x 78B)
Class kotlin.coroutines.CoroutineContext                                              : loaded 2 times (x 66B)
Class kotlin.coroutines.jvm.internal.DebugProbesKt                                    : loaded 2 times (x 67B)
Class org.gradle.tooling.internal.adapter.WeakIdentityHashMap                         : loaded 2 times (x 72B)
Class org.gradle.tooling.GradleConnectionException                                    : loaded 2 times (x 78B)
Class org.gradle.tooling.internal.adapter.ProtocolToModelAdapter$1                    : loaded 2 times (x 71B)
Class org.gradle.tooling.internal.adapter.ProtocolToModelAdapter$ViewDecoration       : loaded 2 times (x 66B)
Class org.gradle.internal.installation.GradleInstallation                             : loaded 2 times (x 71B)
Class com.android.builder.model.v2.ide.ViewBindingOptions                             : loaded 2 times (x 66B)
Class com.google.common.base.Splitter$Strategy                                        : loaded 2 times (x 66B)
Class com.amazon.ion.impl.lite.ContainerlessContext                                   : loaded 2 times (x 76B)
Class org.jetbrains.plugins.gradle.tooling.serialization.GradleExtensionsSerializationService$ReadContext: loaded 2 times (x 68B)
Class com.google.common.collect.LexicographicalOrdering                               : loaded 2 times (x 111B)
Class org.gradle.tooling.internal.adapter.MethodInvoker                               : loaded 2 times (x 66B)
Class com.android.ide.common.gradle.Part                                              : loaded 2 times (x 73B)
Class com.google.common.collect.Lists$RandomAccessReverseList                         : loaded 2 times (x 196B)
Class com.amazon.ion.UnexpectedEofException                                           : loaded 2 times (x 80B)
Class com.amazon.ion.IonSexp                                                          : loaded 2 times (x 66B)
Class com.amazon.ion.impl._Private_LocalSymbolTable                                   : loaded 2 times (x 66B)
Class com.amazon.ion.BufferConfiguration$DataHandler                                  : loaded 2 times (x 66B)
Class com.amazon.ion.ReadOnlyValueException                                           : loaded 2 times (x 80B)
Class com.amazon.ion.impl._Private_IonBinaryWriterBuilder                             : loaded 2 times (x 105B)
Class org.jetbrains.plugins.gradle.tooling.serialization.RepositoriesModelSerializationService$WriteContext: loaded 2 times (x 68B)
Class com.android.ide.gradle.model.LegacyAndroidGradlePluginProperties                : loaded 2 times (x 66B)
Class kotlin.ranges.IntProgression                                                    : loaded 2 times (x 77B)
Class kotlin.jvm.KotlinReflectionNotSupportedError                                    : loaded 2 times (x 78B)
Class org.gradle.tooling.model.gradle.GradleScript                                    : loaded 2 times (x 66B)

---------------  S Y S T E M  ---------------

OS:
 Windows 10 , 64 bit Build 18362 (10.0.18362.329)
OS uptime: 0 days 7:59 hours

CPU: total 2 (initial active 2) (2 cores per cpu, 1 threads per core) family 6 model 23 stepping 10 microcode 0xa0c, cx8, cmov, fxsr, mmx, sse, sse2, sse3, ssse3, sse4.1, tsc, clflush
Processor Information for all 2 processors :
  Max Mhz: 2925, Current Mhz: 2925, Mhz Limit: 2925

Memory: 4k page, system-wide physical 4095M (255M free)
TotalPageFile size 9471M (AvailPageFile size 3412M)
current process WorkingSet (physical memory assigned to process): 460M, peak: 537M
current process commit charge ("private bytes"): 640M, peak: 640M

vm_info: OpenJDK 64-Bit Server VM (21.0.4+-12508038-b607.1) for windows-amd64 JRE (21.0.4+-12508038-b607.1), built on 2024-10-16T17:23:34Z by "builder" with MS VC++ 16.10 / 16.11 (VS2019)

END.
